날짜,00시폭염,00시한파,00시강수,00시적설,00시체감온도,01시폭염,01시한파,01시강수,01시적설,01시체감온도,02시폭염,02시한파,02시강수,02시적설,02시체감온도,03시폭염,03시한파,03시강수,03시적설,03시체감온도,04시폭염,04시한파,04시강수,04시적설,04시체감온도,05시폭염,05시한파,05시강수,05시적설,05시체감온도,06시폭염,06시한파,06시강수,06시적설,06시체감온도,07시폭염,07시한파,07시강수,07시적설,07시체감온도,08시폭염,08시한파,08시강수,08시적설,08시체감온도,09시폭염,09시한파,09시강수,09시적설,09시체감온도,10시폭염,10시한파,10시강수,10시적설,10시체감온도,11시폭염,11시한파,11시강수,11시적설,11시체감온도,12시폭염,12시한파,12시강수,12시적설,12시체감온도,13시폭염,13시한파,13시강수,13시적설,13시체감온도,14시폭염,14시한파,14시강수,14시적설,14시체감온도,15시폭염,15시한파,15시강수,15시적설,15시체감온도,16시폭염,16시한파,16시강수,16시적설,16시체감온도,17시폭염,17시한파,17시강수,17시적설,17시체감온도,18시폭염,18시한파,18시강수,18시적설,18시체감온도,19시폭염,19시한파,19시강수,19시적설,19시체감온도,20시폭염,20시한파,20시강수,20시적설,20시체감온도,21시폭염,21시한파,21시강수,21시적설,21시체감온도,22시폭염,22시한파,22시강수,22시적설,22시체감온도,23시폭염,23시한파,23시강수,23시적설,23시체감온도,빨간날여부
2025-08-01,0,0,0,0,31.59672594,0,0,0,0,31.2846714,0,0,0,0,31.0711213,0,0,0,0,30.86350956,0,0,0,0,30.43719112,0,0,0,0,30.23025285,0,0,0,0,30.02327574,0,0,0,0,30.22757248,0,0,0,0,31.71287314,1,0,0,0,33.29315935,1,0,0,0,35.17997972,1,0,0,0,36.80249226,1,0,0,0,37.10272013,1,0,0,0,37.07561979,1,0,0,0,37.26886308,1,0,0,0,36.60236068,1,0,0,0,36.35612478,1,0,0,0,35.68423283,1,0,0,0,34.70550416,1,0,0,0,33.88574591,1,0,0,0,33.05768304,1,0,0,0,32.68577268,0,0,0,0,32.2715866,0,0,0,0,31.9846,0
2025-08-02,0,0,0,0,31.781,0,0,0,0,31.4940129,0,0,0,0,30.96712822,0,0,0,0,30.65951891,0,0,0,0,30.22757248,0,0,0,0,29.82320431,0,0,0,0,29.68290364,0,0,0,0,29.73119849,0,0,0,0,30.75147819,1,0,0,0,32.38236109,1,0,0,0,33.55450613,1,0,0,0,34.96935304,1,0,0,0,36.48422721,1,0,0,0,36.20824394,1,0,0,0,37.25245873,1,0,0,0,37.57583669,1,0,0,0,39.02687914,1,0,0,0,38.01090646,1,0,0,0,37.52254783,1,0,0,0,35.96520167,1,0,0,0,34.05478271,1,0,0,0,33.00337643,0,0,0,0,32.34177032,0,0,0,0,32.00200811,1
2025-08-03,0,0,0,0,31.42842397,0,0,0,0,31.16322695,0,0,0,0,30.76544635,0,0,0,0,30.46075438,0,0,0,0,30.16926539,0,0,0,0,29.94265393,0,0,0,0,29.76135285,0,0,0,0,30.01962618,0,0,0,0,30.54191835,0,0,0,0,31.28061271,0,0,0,0,32.14632701,1,0,0,0,33.56156391,1,0,0,0,33.7354314,1,0,0,0,34.52417457,1,0,0,0,34.8640397,1,0,0,0,34.69721797,1,0,0,0,33.86500573,1,0,0,0,33.36998088,1,0,0,0,32.50031067,0,0,0,0,30.96763288,0,0,0,0,30.4471628,0,0,0,0,30.20783848,0,0,0,0,29.08126733,0,0,1,0,27.32626277,1
2025-08-04,0,0,1,0,25.77051799,0,0,1,0,25.61933943,0,0,1,0,25.60059104,0,0,0,0,25.84997555,0,0,0,0,25.81408418,0,0,1,0,25.78775703,0,0,1,0,25.70280178,0,0,0,0,25.96454965,0,0,0,0,26.44204131,0,0,0,0,28.1351355,0,0,0,0,29.82320431,0,0,0,0,31.06915603,0,0,0,0,32.00200811,1,0,0,0,33.19548828,1,0,0,0,33.83420664,1,0,0,0,35.06298346,1,0,0,0,35.81731589,1,0,0,0,36.20088692,1,0,0,0,34.94219587,1,0,0,0,32.8370288,0,0,0,0,31.91893075,0,0,0,0,31.17896151,0,0,0,0,30.75914205,0,0,0,0,30.44087953,0
2025-08-05,0,0,0,0,29.99817995,0,0,0,0,29.67126235,0,0,0,0,29.2593061,0,0,0,0,28.80443533,0,0,0,0,28.44982554,0,0,0,0,27.78498231,0,0,0,0,27.53535648,0,0,0,0,27.73005011,0,0,0,0,28.40466092,0,0,0,0,30.32901748,0,0,0,0,31.6126748,1,0,0,0,32.92852356,1,0,0,0,34.25102543,1,0,0,0,34.92532479,1,0,0,0,35.21153119,1,0,0,0,36.19723665,1,0,0,0,35.8688435,1,0,0,0,34.29333948,1,0,0,0,33.34544258,0,0,0,0,32.17205165,0,0,0,0,31.28819656,0,0,0,0,30.85982786,0,0,0,0,30.43719112,0,0,0,0,30.34316972,0
2025-08-06,0,0,0,0,30.32509699,0,0,0,0,30.11083463,0,0,0,0,29.99057949,0,0,1,0,29.76757006,0,0,1,0,29.07098435,0,0,1,0,29.18578401,0,0,0,0,29.38812213,0,0,0,0,29.65247532,0,0,0,0,30.08565882,0,0,1,0,30.07894007,0,0,1,0,30.85647554,0,0,0,0,31.64799316,0,0,0,0,31.07652721,0,0,0,0,31.08061786,0,0,1,0,29.74301505,0,0,1,0,29.10830082,0,0,1,0,28.67593042,0,0,1,0,28.1301106,0,0,1,0,28.60401218,0,0,0,0,28.8128004,0,0,0,0,28.17420323,0,0,0,0,27.81018885,0,0,0,0,27.81018885,0,0,0,0,27.95929875,0
2025-08-07,0,0,0,0,28.07534226,0,0,0,0,28.0141041,0,0,0,0,27.97094002,0,0,0,0,27.94240928,0,0,0,0,27.80261871,0,0,0,0,27.60933759,0,0,0,0,27.56130617,0,0,0,0,27.69053508,0,0,0,0,28.49655994,0,0,0,0,29.54597951,0,0,0,0,30.85864311,0,0,0,0,31.84168538,1,0,0,0,32.71499709,1,0,0,0,33.36998088,1,0,0,0,33.78526911,1,0,0,0,34.41083846,1,0,0,0,34.57078448,1,0,0,0,34.35245655,1,0,0,0,33.71631132,0,0,0,0,32.18531992,0,0,0,0,30.18744741,0,0,0,0,29.47263708,0,0,0,0,29.01291404,0,0,0,0,28.71146441,0
2025-08-08,0,0,0,0,28.34492886,0,0,0,0,27.96821108,0,0,0,0,27.64681755,0,0,0,0,27.21829284,0,0,0,0,26.78893841,0,0,0,0,26.35832908,0,0,0,0,26.28484166,0,0,0,0,26.3856,0,0,0,0,27.4791153,0,0,0,0,28.5234,0,0,0,0,29.20751167,0,0,0,0,29.8089995,0,0,0,0,30.96700943,0,0,0,0,31.82218465,1,0,0,0,32.45802618,0,0,0,0,31.51281396,0,0,1,0,29.21633007,0,0,0,0,30.2460669,0,0,0,0,30.42255385,0,0,0,0,29.67489462,0,0,0,0,28.79565505,0,0,0,0,28.22929944,0,0,0,0,27.87767218,0,0,0,0,27.53535648,0
2025-08-09,0,0,0,0,27.54827645,0,0,0,0,27.22436413,0,0,0,0,27.22337723,0,0,0,0,27.35152844,0,0,0,0,27.31438635,0,0,0,0,27.3018,0,0,0,0,27.17760333,0,0,1,0,26.64959937,0,0,1,0,26.8946,0,0,1,0,27.07085272,0,0,0,0,27.44348237,0,0,0,0,27.82044546,0,0,1,0,27.04236384,0,0,1,0,26.49680182,0,0,0,0,26.91139798,0,0,0,0,27.43255519,0,0,0,0,27.67889396,0,0,0,0,27.99715901,0,0,0,0,28.56471663,0,0,0,0,28.21908454,0,0,0,0,27.45193779,0,0,0,0,26.59941873,0,0,0,0,26.16219316,0,0,0,0,25.53544791,1
2025-08-10,0,0,0,0,25.2003564,0,0,0,0,24.67354507,0,0,0,0,24.71678187,0,0,0,0,24.19024828,0,0,0,0,23.55075461,0,0,0,0,23.24385641,0,0,0,0,22.89030151,0,0,0,0,23.27957257,0,0,0,0,25.6366866,0,0,0,0,27.36280376,0,0,0,0,29.29591942,0,0,0,0,30.44286246,0,0,0,0,32.03577988,1,0,0,0,32.87722323,1,0,0,0,34.24454837,1,0,0,0,35.33493223,1,0,0,0,35.78290084,1,0,0,0,35.4648962,1,0,0,0,34.90754346,1,0,0,0,33.56156391,0,0,0,0,32.02057959,0,0,0,0,30.86075288,0,0,0,0,30.24251035,0,0,0,0,29.73119849,1
2025-08-11,0,0,0,0,29.22578896,0,0,0,0,28.75725935,0,0,0,0,28.42701614,0,0,0,0,27.9323245,0,0,0,0,27.709,0,0,0,0,27.38242189,0,0,0,0,27.029054,0,0,0,0,27.16198562,0,0,0,0,27.40210595,0,0,0,0,28.25250758,0,0,0,0,28.85334389,0,0,0,0,29.79676531,0,0,0,0,30.42642916,0,0,0,0,30.96763288,0,0,0,0,31.50684482,0,0,0,0,31.49807464,0,0,0,0,31.49997227,0,0,0,0,31.50684482,0,0,0,0,30.96861021,0,0,0,0,29.89343902,0,0,0,0,29.49879234,0,0,0,0,29.01291404,0,0,0,0,28.71146441,0,0,0,0,28.33461277,0
2025-08-12,0,0,0,0,28.03023882,0,0,0,0,27.6106521,0,0,0,0,27.19106538,0,0,0,0,27.04236384,0,0,0,0,26.81981535,0,0,0,0,25.87146715,0,0,0,0,25.4694,0,0,0,0,25.47062735,0,0,0,0,27.46671725,0,0,0,0,29.46804757,0,0,0,0,30.96803594,1,0,0,0,32.58901792,1,0,0,0,33.9158007,1,0,0,0,34.97711554,1,0,0,0,35.74160874,1,0,0,0,35.92518208,1,0,0,0,36.50348981,1,0,0,0,36.31740791,1,0,0,0,35.5640615,1,0,0,0,33.96670753,0,0,0,0,32.08129168,0,0,0,0,30.85940953,0,0,0,0,30.01283771,0,0,0,0,29.477414,0
2025-08-13,0,0,0,0,29.04544662,0,0,0,0,28.92636889,0,0,0,0,28.8252605,0,0,0,0,28.57528731,0,0,0,0,28.53621422,0,0,0,0,28.11088522,0,0,1,0,26.60325226,0,0,1,0,26.21343862,0,0,1,0,25.74051159,0,0,1,0,25.1069178,0,0,1,0,24.29436876,0,0,1,0,23.67196078,0,0,1,0,24.97305626,0,0,1,0,25.72251186,0,0,0,0,28.58034828,0,0,0,0,28.78004181,0,0,1,0,28.744039,0,0,1,0,28.938649,0,0,1,0,28.89919623,0,0,1,0,28.14578131,0,0,1,0,26.69589905,0,0,0,0,26.71867816,0,0,0,0,26.52772627,0,0,0,0,26.70341181,0
2025-08-14,0,0,0,0,26.97278477,0,0,1,0,27.07519405,0,0,1,0,26.81009978,0,0,1,0,26.50311931,0,0,1,0,26.30914148,0,0,1,0,26.13249954,0,0,1,0,26.4389727,0,0,1,0,26.45496744,0,0,1,0,26.31630649,0,0,1,0,26.69143073,0,0,1,0,27.05627573,0,0,1,0,27.029054,0,0,0,0,27.24816639,0,0,0,0,28.07534226,0,0,0,0,28.70503863,0,0,0,0,28.50386697,0,0,1,0,28.59727685,0,0,0,0,29.06476367,0,0,0,0,28.97430894,0,0,0,0,28.53621422,0,0,0,0,28.15931498,0,0,0,0,27.96551325,0,0,0,0,27.74334264,0,0,0,0,27.59741941,0
2025-08-15,0,0,0,0,27.59741941,0,0,0,0,27.74334264,0,0,0,0,27.45193779,0,0,0,0,27.28084775,0,0,0,0,26.94989104,0,0,0,0,26.59941873,0,0,0,0,26.5892,0,0,0,0,26.84793534,0,0,0,0,27.46671725,0,0,0,0,29.1580627,0,0,0,0,31.07050929,0,0,0,0,30.54470216,0,0,0,0,29.3763076,0,0,0,0,29.60368902,0,0,0,0,29.98589799,0,0,0,0,31.72453259,1,0,0,0,33.27507282,1,0,0,0,32.91319992,0,0,0,0,32.03577988,0,0,0,0,31.50684482,0,0,0,0,30.32324796,0,0,0,0,29.65247532,0,0,0,0,29.00342231,0,0,0,0,28.61825615,1
2025-08-16,0,0,0,0,28.69602143,0,0,0,0,28.27601286,0,0,0,0,28.14688646,0,0,0,0,28.13410291,0,0,0,0,27.93882742,0,0,0,0,28.02449535,0,0,0,0,28.0543939,0,0,0,0,28.17251299,0,0,0,0,28.6596189,0,0,0,0,29.5884843,0,0,0,0,30.54191835,0,0,0,0,32.41501695,1,0,0,0,33.20189768,1,0,0,0,32.53201984,1,0,0,0,34.29980572,1,0,0,0,34.00414081,1,0,0,0,33.74991802,1,0,0,0,32.93798936,1,0,0,0,32.63431475,0,0,0,0,31.73437296,0,0,0,0,30.54327947,0,0,0,0,30.00370346,0,0,0,0,29.35617783,0,0,0,0,29.03952286,1
2025-08-17,0,0,0,0,28.62581052,0,0,0,0,28.64028487,0,0,0,0,28.3817533,0,0,0,0,28.26659128,0,0,0,0,28.251344,0,0,0,0,28.34492886,0,0,0,0,28.28960462,0,0,0,0,28.54523945,0,0,0,0,28.71146441,0,0,0,0,29.44369993,0,0,0,0,30.64475061,0,0,0,0,31.52171972,1,0,0,0,33.15165295,1,0,0,0,33.76171954,1,0,0,0,34.50792062,1,0,0,0,33.5753528,1,0,0,0,33.47914484,1,0,0,0,33.3518704,1,0,0,0,32.49666916,0,0,0,0,31.82218465,0,0,0,0,30.86050915,0,0,0,0,30.35229106,0,0,0,0,30.254,0,0,0,0,30.11892606,1
2025-08-18,0,0,0,0,29.91431284,0,0,0,0,29.8915823,0,0,0,0,29.79676531,0,0,0,0,29.60929204,0,0,0,0,29.49879234,0,0,1,0,29.40037696,0,0,0,0,29.13608573,0,0,0,0,29.23913727,0,0,0,0,29.57108231,0,0,0,0,30.10834349,0,0,0,0,31.61827559,1,0,0,0,32.73832008,1,0,0,0,33.61211521,1,0,0,0,34.95032075,1,0,0,0,35.02880298,1,0,0,0,35.3670998,1,0,0,0,34.69721797,1,0,0,0,33.89648435,1,0,0,0,32.54022348,0,0,0,0,31.65007726,0,0,0,0,30.41571939,0,0,1,0,29.96590747,0,0,1,0,29.65539919,0,0,1,0,29.42980901,0
2025-08-19,0,0,1,0,29.3763076,0,0,0,0,29.39389566,0,0,0,0,29.477414,0,0,0,0,29.33479919,0,0,0,0,29.25904185,0,0,0,0,29.14665404,0,0,0,0,29.03952286,0,0,0,0,29.14127336,0,0,0,0,29.75953996,0,0,0,0,30.85846417,0,0,0,0,32.07696134,1,0,0,0,32.95952015,1,0,0,0,33.45396481,1,0,0,0,33.77466955,1,0,0,0,34.07774026,1,0,0,0,34.82088009,1,0,0,0,33.90114692,1,0,0,0,33.76507485,1,0,0,0,33.24946431,0,0,0,0,32.09507758,0,0,0,0,31.30454548,0,0,0,0,30.86075288,0,0,0,0,30.64475061,0,0,0,0,30.53372696,0
2025-08-20,0,0,0,0,30.2137035,0,0,0,0,30.1036226,0,0,0,0,29.8605832,0,0,0,0,29.79302993,0,0,0,0,29.5794347,0,0,0,0,29.40723197,0,0,0,0,29.10007806,0,0,0,0,29.15224423,0,0,0,0,29.86945027,0,0,0,0,30.96817754,0,0,0,0,32.06263198,1,0,0,0,32.93332502,1,0,0,0,33.90124128,1,0,0,0,34.18252057,1,0,0,0,34.83182002,1,0,0,0,35.27850701,1,0,0,0,34.67093538,1,0,0,0,34.13412862,1,0,0,0,32.95123896,0,0,0,0,32.04565371,0,0,0,0,31.51139241,0,0,0,0,31.07579772,0,0,0,0,30.65514897,0,0,0,0,30.65041205,0
2025-08-21,0,0,0,0,30.4576,0,0,0,0,30.43719112,0,0,0,0,30.33796578,0,0,0,0,30.13157975,0,0,0,0,29.89982755,0,0,0,0,29.69031487,0,0,0,0,29.59331313,0,0,0,0,29.80066101,0,0,0,0,30.21796581,0,0,0,0,31.29132127,0,0,0,0,32.34177032,1,0,0,0,33.62898097,1,0,0,0,34.79812379,1,0,0,0,36.14547417,1,0,0,0,36.91144456,1,0,0,0,36.02442795,1,0,0,0,36.62053652,1,0,0,0,35.76111038,1,0,0,0,34.37577321,1,0,0,0,32.84505487,0,0,0,0,31.71538703,0,0,0,0,31.27580374,0,0,0,0,30.86433747,0,0,0,0,30.4576,0
2025-08-22,0,0,0,0,29.92266467,0,0,0,0,29.51801127,0,0,0,0,29.22578896,0,0,0,0,28.95807805,0,0,0,0,28.67928039,0,0,0,0,28.62229163,0,0,0,0,28.59733321,0,0,0,0,28.64028487,0,0,0,0,29.89041817,0,0,0,0,30.64836879,0,0,0,0,32.03919583,1,0,0,0,33.97662401,1,0,0,0,34.76041619,1,0,0,0,35.13589124,1,0,0,0,35.70489,1,0,0,0,36.13433826,1,0,0,0,36.18736216,1,0,0,0,35.77158809,1,0,0,0,34.3831375,1,0,0,0,32.61351992,0,0,0,0,31.40716842,0,0,0,0,30.86213288,0,0,0,0,30.54061325,0,0,0,0,30.33110277,0
2025-08-23,0,0,0,0,30.23917664,0,0,0,0,30.12817242,0,0,0,0,30.13901048,0,0,0,0,29.92719739,0,0,0,0,29.82851088,0,0,0,0,29.65165682,0,0,0,0,29.60929204,0,0,0,0,29.68230992,0,0,0,0,30.1522,0,0,0,0,31.18062096,0,0,0,0,32.2812239,1,0,0,0,33.18515041,1,0,0,0,33.4465568,1,0,0,0,32.90774792,1,0,0,0,32.67092705,1,0,0,0,32.81012203,1,0,0,0,34.08407625,1,0,0,0,34.23215968,1,0,0,0,34.08692071,1,0,0,0,33.11700612,0,0,0,0,32.04565371,0,0,0,0,31.28927759,0,0,0,0,30.96700943,0,0,0,0,30.76192819,1
2025-08-24,0,0,0,0,30.4724094,0,0,0,0,29.91837906,0,0,0,0,29.65165682,0,0,0,0,29.49879234,0,0,0,0,29.40339358,0,0,0,0,29.08700433,0,0,0,0,29.38683898,0,0,0,0,29.47206113,0,0,0,0,30.24251035,0,0,0,0,30.86433747,0,0,0,0,31.60180108,1,0,0,0,33.11700612,1,0,0,0,35.04108422,1,0,0,0,35.4533036,1,0,0,0,36.4133472,1,0,0,0,37.29988358,1,0,0,0,36.60959315,1,0,0,0,36.71071035,1,0,0,0,35.78290084,1,0,0,0,33.99380658,1,0,0,0,32.89624525,0,0,0,0,32.35617273,0,0,0,0,31.85404449,0,0,0,0,31.27910747,1
2025-08-25,0,0,0,0,30.96688269,0,0,0,0,30.86183183,0,0,0,0,30.75612194,0,0,0,0,30.53270731,0,0,0,0,30.25847999,0,0,0,0,29.745,0,0,0,0,29.69457265,0,0,0,0,30.01283771,0,0,0,0,30.86183183,0,0,0,0,28.80118402,0,0,1,0,28.86941226,0,0,1,0,30.13518356,0,0,1,0,31.06915603,1,0,0,0,32.61351992,1,0,0,0,34.60342958,1,0,0,0,33.95492045,1,0,0,0,34.25102543,1,0,0,0,34.43000705,0,0,1,0,32.42800111,0,0,0,0,31.97737285,0,0,1,0,31.07931959,0,0,0,0,31.41720182,0,0,0,0,31.19088924,0,0,1,0,30.85747715,0
2025-08-26,0,0,0,0,30.20783848,0,0,0,0,29.77040214,0,0,0,0,29.49305949,0,0,1,0,28.93239168,0,0,1,0,28.42491879,0,0,1,0,27.69345474,0,0,1,0,27.57642541,0,0,1,0,27.49210112,0,0,1,0,27.60073061,0,0,0,0,27.9266191,0,0,0,0,28.48271261,0,0,0,0,29.67489462,0,0,0,0,30.52982187,0,0,0,0,31.63368571,1,0,0,0,32.76161231,1,0,0,0,33.70392707,1,0,0,0,33.8556748,1,0,0,0,33.41619275,0,0,0,0,32.20355637,0,0,0,0,30.74639061,0,0,0,0,29.89343902,0,0,0,0,29.10413373,0,0,0,0,29.00051193,0,0,0,0,28.56471663,0
2025-08-27,0,0,0,0,28.08361955,0,0,0,0,27.80782745,0,0,0,0,27.3018,0,0,0,0,26.97278477,0,0,0,0,26.92095255,0,0,0,0,26.37110825,0,0,0,0,26.0802,0,0,0,0,25.68851616,0,0,0,0,27.0162919,0,0,0,0,27.8610799,0,0,0,0,28.20000878,0,0,0,0,28.9095337,0,0,0,0,29.89343902,0,0,0,0,30.96780371,0,0,0,0,32.12120934,0,0,0,0,32.22073059,1,0,0,0,32.88804707,0,0,0,0,32.39738753,0,0,0,0,30.8592097,0,0,0,0,30.01283771,0,0,0,0,29.57517875,0,0,0,0,29.2081181,0,0,0,0,28.59848796,0,0,0,0,28.33687328,0
2025-08-28,0,0,0,0,28.218,0,0,0,0,27.84733573,0,0,0,0,27.55027999,0,0,0,0,27.12308952,0,0,0,0,26.96553938,0,0,0,0,27.03401444,0,0,0,0,26.87637534,0,0,0,0,27.12322694,0,0,0,0,28.01867276,0,0,0,0,29.70368616,0,0,0,0,31.07372123,0,0,0,0,32.18279982,1,0,0,0,32.85638021,1,0,0,0,32.5262587,1,0,0,0,33.30929377,1,0,0,0,33.33879503,1,0,0,0,33.05219319,1,0,0,0,33.05684943,1,0,0,0,33.13517105,0,0,0,0,32.08129168,0,0,0,0,31.52398743,0,0,0,0,30.96897156,0,0,0,0,30.64017624,0,0,0,0,30.41900185,0
2025-08-29,0,0,0,0,30.30909154,0,0,0,0,30.20422592,0,0,0,0,30.08222102,0,0,0,0,30.09307788,0,0,0,0,29.87930288,0,0,0,0,29.88750127,0,0,1,0,29.47263708,0,0,0,0,29.63894539,0,0,0,0,29.95910898,0,0,0,0,30.85864311,0,0,0,0,32.31803744,1,0,0,0,33.64848291,1,0,0,0,34.45376837,1,0,0,0,35.17294674,1,0,0,0,35.51377128,1,0,0,0,35.31532554,1,0,0,0,33.70374127,0,0,1,0,30.09920898,0,0,0,0,30.85828971,0,0,0,0,30.74751949,0,0,0,0,30.85982786,0,0,1,0,30.19918122,0,0,1,0,29.89041817,0,0,1,0,29.78265639,0
2025-08-30,0,0,1,0,29.62151114,0,0,1,0,29.46804757,0,0,1,0,29.19146188,0,0,1,0,29.38189335,0,0,1,0,29.17047357,0,0,1,0,29.09525272,0,0,1,0,28.35580154,0,0,0,0,28.87816896,0,0,0,0,28.19106569,0,0,0,0,28.09928686,0,0,0,0,29.44938243,0,0,0,0,30.54619286,0,0,0,0,32.40941806,1,0,0,0,33.52743451,1,0,0,0,33.62842604,1,0,0,0,33.54139036,1,0,0,0,34.12643169,1,0,0,0,34.22712976,1,0,0,0,33.77768524,1,0,0,0,32.40047669,0,0,0,0,31.28061271,0,0,0,0,30.65041205,0,0,0,0,30.11125306,0,0,0,0,29.63542609,1
2025-08-31,0,0,0,0,29.30575584,0,0,0,0,28.91520486,0,0,0,0,28.34492886,0,0,0,0,28.1162,0,0,0,0,27.63934956,0,0,0,0,27.3484053,0,0,0,0,27.12308952,0,0,0,0,27.43136339,0,0,0,0,28.6596189,0,0,0,0,29.89982755,0,0,0,0,31.91893075,1,0,0,0,32.73094687,1,0,0,0,33.14083482,1,0,0,0,32.92357583,1,0,0,0,33.24400652,1,0,0,0,34.06552048,1,0,0,0,33.52253053,1,0,0,0,33.41154387,1,0,0,0,32.85998397,0,0,0,0,31.72453259,0,0,0,0,31.29979308,0,0,0,0,30.96866556,0,0,0,0,30.52164977,0,0,0,0,30.20972981,1
2025-09-01,0,0,0,0,29.90674936,0,0,0,0,29.6584061,0,0,0,0,29.33880252,0,0,0,0,29.22175024,0,0,0,0,29.09227624,0,0,1,0,27.90468443,0,0,1,0,27.16198562,0,0,1,0,27.54827645,0,0,0,0,27.40210595,0,0,0,0,28.218,0,0,0,0,28.55579214,0,0,0,0,28.89425835,0,0,0,0,29.41148953,0,0,0,0,30.29264751,0,0,1,0,29.64151916,0,0,1,0,29.7232866,0,0,0,0,29.72509848,0,0,0,0,30.0911486,0,0,1,0,28.27601286,0,0,1,0,27.84733573,0,0,0,0,27.73005011,0,0,0,0,27.48483117,0,0,0,0,27.17616606,0,0,0,0,26.78893841,0
2025-09-02,0,0,0,0,26.72225703,0,0,0,0,26.31412938,0,0,0,0,26.31714813,0,0,0,0,25.5712,0,0,0,0,25.11761774,0,0,0,0,24.72754323,0,0,0,0,24.43965729,0,0,0,0,24.06764588,0,0,0,0,24.96853811,0,0,0,0,26.16191097,0,0,0,0,26.97278477,0,0,0,0,28.6252,0,0,0,0,29.80066101,0,0,0,0,30.75305691,0,0,0,0,31.39499418,0,0,0,0,31.93503151,1,0,0,0,32.72711848,1,0,0,0,32.90774792,0,0,0,0,32.03919583,0,0,0,0,30.6515062,0,0,0,0,29.29591942,0,0,0,0,28.37951272,0,0,0,0,27.8535752,0,0,0,0,27.42663852,0
2025-09-03,0,0,0,0,27.01832169,0,0,0,0,26.29974538,0,0,0,0,25.91240601,0,0,0,0,25.57633724,0,0,0,0,25.25920757,0,0,0,0,25.0131602,0,0,0,0,24.58069399,0,0,0,0,24.70842009,0,0,0,0,26.03984989,0,0,0,0,27.42203757,0,0,0,0,29.3429324,0,0,0,0,30.64649052,0,0,0,0,31.92898226,1,0,0,0,32.95193338,1,0,0,0,33.53903232,1,0,0,0,34.46162052,1,0,0,0,33.85133936,1,0,0,0,33.9965088,1,0,0,0,33.26530601,0,0,0,0,32.11627305,0,0,0,0,31.28589794,0,0,0,0,30.96788405,0,0,0,0,30.6515062,0,0,0,0,30.43899227,0
2025-09-04,0,0,0,0,29.89657228,0,0,0,0,29.67853454,0,0,1,0,27.60933759,0,0,1,0,26.2716445,0,0,1,0,26.05773562,0,0,1,0,25.504194,0,0,1,0,24.77636376,0,0,1,0,24.79359486,0,0,1,0,24.80043187,0,0,1,0,25.11729505,0,0,1,0,25.22912178,0,0,1,0,25.9712882,0,0,0,0,27.8179896,0,0,0,0,29.12154353,0,0,0,0,30.53372696,0,0,0,0,31.39499418,0,0,0,0,32.06001331,0,0,0,0,31.40157624,0,0,0,0,30.75420848,0,0,0,0,29.88750127,0,0,0,0,29.17711947,0,0,0,0,28.61099815,0,0,0,0,28.14387808,0,0,0,0,27.80261871,0
2025-09-05,0,0,0,0,27.28428856,0,0,0,0,26.92930699,0,0,0,0,26.45496744,0,0,0,0,26.16191097,0,0,0,0,25.97546023,0,0,0,0,25.68770888,0,0,0,0,25.48789731,0,0,0,0,25.81025402,0,0,0,0,26.46223049,0,0,0,0,28.36113707,0,0,0,0,30.41678635,0,0,0,0,32.04248375,1,0,0,0,33.22445836,1,0,0,0,33.60027965,1,0,0,0,35.06298346,1,0,0,0,35.1166043,1,0,0,0,34.5138852,1,0,0,0,34.24329259,1,0,0,0,32.83285656,0,0,0,0,31.8163397,0,0,0,0,30.86154453,0,0,0,0,30.4471628,0,0,0,0,30.02327574,0,0,0,0,29.60929204,0
2025-09-06,0,0,0,0,29.30323889,0,0,0,0,29.33479919,0,0,0,0,29.40723197,0,0,0,0,29.31101154,0,0,1,0,28.9664928,0,0,1,0,28.52760078,0,0,1,0,28.28956691,0,0,1,0,28.17251299,0,0,1,0,28.20000878,0,0,1,0,28.33461277,0,0,1,0,28.89701206,0,0,1,0,28.57839606,0,0,1,0,30.09506195,0,0,0,0,30.85940953,0,0,0,0,31.98574384,0,0,0,0,32.44419504,0,0,0,0,31.54604554,0,0,1,0,29.52012264,0,0,1,0,27.78498231,0,0,0,0,27.71554878,0,0,1,0,27.35758607,0,0,0,0,27.50098792,0,0,0,0,27.64681755,0,0,0,0,27.78115428,1
2025-09-07,0,0,1,0,27.85184652,0,0,1,0,27.70128811,0,0,0,0,27.70936011,0,0,0,0,27.51016662,0,0,0,0,26.88477639,0,0,0,0,26.77147866,0,0,0,0,26.45496744,0,0,0,0,26.39035139,0,0,0,0,26.8946,0,0,0,0,27.24195487,0,0,0,0,28.17420323,0,0,0,0,29.02832396,0,0,0,0,29.55963175,0,0,0,0,30.31974393,0,0,0,0,29.64685771,0,0,0,0,29.36091639,0,0,0,0,28.80689461,0,0,0,0,28.53621422,0,0,0,0,28.35469254,0,0,0,0,27.6106521,0,0,0,0,26.77732415,0,0,0,0,26.31412938,0,0,0,0,25.32653283,0,0,0,0,24.8586,1
2025-09-08,0,0,0,0,24.71678187,0,0,0,0,24.35373973,0,0,0,0,23.82551853,0,0,0,0,23.55277746,0,0,0,0,23.41151906,0,0,0,0,23.02846691,0,0,0,0,22.48056469,0,0,0,0,22.66458616,0,0,0,0,23.40386131,0,0,0,0,24.32575105,0,0,0,0,26.33427954,0,0,0,0,27.22988714,0,0,0,0,28.95807805,0,0,0,0,30.11342278,0,0,0,0,31.38693258,0,0,0,0,31.72865139,0,0,0,0,30.64392593,0,0,0,0,29.5794347,0,0,0,0,28.58651246,0,0,0,0,27.68584508,0,0,0,0,27.11938414,0,0,0,0,26.46223049,0,0,0,0,26.35832908,0,0,0,0,26.0372019,0
2025-09-09,0,0,0,0,25.52112527,0,0,0,0,25.43099037,0,0,0,0,25.0131602,0,0,0,0,25.36862189,0,0,0,0,24.62355015,0,0,0,0,24.51496201,0,0,0,0,24.239518,0,0,0,0,23.96858478,0,0,0,0,24.35885503,0,0,0,0,25.11294617,0,0,0,0,26.19365702,0,0,0,0,27.42663852,0,0,0,0,27.77420704,0,0,0,0,28.47129423,0,0,0,0,27.67844559,0,0,0,0,27.62742086,0,0,0,0,28.56676646,0,0,0,0,28.88946148,0,0,0,0,28.04242892,0,0,0,0,26.83018714,0,0,0,0,25.93230522,0,0,0,0,25.06989931,0,0,0,0,24.51955707,0,0,0,0,23.77926908,0
2025-09-10,0,0,0,0,23.34183953,0,0,0,0,22.55813573,0,0,0,0,22.67319035,0,0,0,0,22.43147029,0,0,0,0,21.75552117,0,0,0,0,20.68329101,0,0,0,0,20.32267659,0,0,0,0,20.04050394,0,0,0,0,21.70653225,0,0,0,0,24.35885503,0,0,0,0,26.2666507,0,0,0,0,28.71146441,0,0,0,0,30.1036226,0,0,0,0,31.51810501,1,0,0,0,32.71072208,1,0,0,0,33.3518704,1,0,0,0,33.66208036,1,0,0,0,33.52697879,0,0,0,0,32.29317566,0,0,0,0,30.21168327,0,0,0,0,28.84255926,0,0,0,0,27.77885079,0,0,0,0,27.07596911,0,0,0,0,26.50685337,0
2025-09-11,0,0,0,0,24.9000453,0,0,0,0,23.81709894,0,0,0,0,23.70082592,0,0,0,0,23.30988823,0,0,0,0,22.68050815,0,0,0,0,22.01581252,0,0,0,0,21.56961346,0,0,0,0,21.75460278,0,0,0,0,23.62071781,0,0,0,0,25.37541091,0,0,0,0,27.68584508,0,0,0,0,29.54924213,0,0,0,0,30.74831812,0,0,0,0,31.85351982,1,0,0,0,33.06580655,1,0,0,0,33.71631132,1,0,0,0,34.14887638,1,0,0,0,33.6542673,0,0,0,0,32.37289659,0,0,0,0,30.64836879,0,0,0,0,29.69902303,0,0,0,0,28.8847971,0,0,0,0,28.25943565,0,0,0,0,27.45142333,0
2025-09-12,0,0,0,0,26.8606127,0,0,0,0,26.15396967,0,0,0,0,25.83766735,0,0,0,0,25.45701396,0,0,0,0,25.14889999,0,0,0,0,25.04778779,0,0,0,0,24.93337644,0,0,0,0,24.65206743,0,0,0,0,24.9845513,0,0,0,0,25.63925265,0,0,0,0,26.98711836,0,0,0,0,27.71768727,0,0,0,0,27.85184652,0,0,0,0,28.20000878,0,0,0,0,28.26659128,0,0,0,0,28.37465194,0,0,0,0,28.00745055,0,0,0,0,27.66775661,0,0,0,0,26.73396739,0,0,1,0,25.94831574,0,0,1,0,24.88033957,0,0,1,0,24.34635149,0,0,1,0,23.36374616,0,0,1,0,22.94510039,0
2025-09-13,0,0,1,0,22.63370295,0,0,1,0,22.32428114,0,0,1,0,21.91784652,0,0,1,0,21.82648875,0,0,1,0,22.08350413,0,0,1,0,22.04678083,0,0,0,0,22.10544179,0,0,0,0,22.47923468,0,0,1,0,23.54512894,0,0,1,0,23.86169851,0,0,0,0,24.5400134,0,0,0,0,25.70177933,0,0,0,0,26.65756487,0,0,0,0,28.22929944,0,0,0,0,28.64192411,0,0,0,0,28.75586612,0,0,0,0,29.61521814,0,0,0,0,28.77485687,0,0,0,0,27.77420704,0,0,0,0,27.22337723,0,0,0,0,26.40583373,0,0,0,0,25.80709267,0,0,0,0,25.23886185,0,0,0,0,24.79359486,1
2025-09-14,0,0,0,0,24.655,0,0,0,0,23.88497898,0,0,0,0,23.5678493,0,0,0,0,23.8406,0,0,0,0,23.7596697,0,0,0,0,23.62457827,0,0,0,0,23.51968159,0,0,0,0,23.44629707,0,0,0,0,24.01676593,0,0,0,0,25.30333008,0,0,0,0,26.62760921,0,0,0,0,27.6072,0,0,0,0,29.15224423,0,0,0,0,29.49879234,0,0,0,0,30.01962618,0,0,0,0,30.75914205,0,0,0,0,31.49807464,0,0,0,0,31.38869956,0,0,0,0,30.43719112,0,0,0,0,28.84586583,0,0,0,0,27.85184652,0,0,0,0,27.029054,0,0,0,0,26.2666507,0,0,0,0,25.70177933,1
2025-09-15,0,0,0,0,25.28052598,0,0,0,0,25.30275742,0,0,0,0,24.78846167,0,0,0,0,24.59479706,0,0,0,0,23.72947495,0,0,0,0,22.98393747,0,0,0,0,22.81955182,0,0,0,0,22.75300588,0,0,0,0,24.28406668,0,0,0,0,26.39143256,0,0,0,0,27.96551325,0,0,0,0,29.23913727,0,0,0,0,30.5594,0,0,0,0,31.2820359,0,0,0,0,32.03577988,1,0,0,0,32.71499709,1,0,0,0,32.73501063,1,0,0,0,32.50288597,0,0,0,0,31.57326353,0,0,0,0,30.24988178,0,0,0,0,28.98254679,0,0,0,0,28.28956691,0,0,0,0,27.74355194,0,0,0,0,26.70341181,0
2025-09-16,0,0,0,0,26.10251563,0,0,0,0,25.78683862,0,0,0,0,25.06989931,0,0,0,0,24.9604,0,0,0,0,24.41556398,0,0,0,0,24.04844182,0,0,0,0,24.20210865,0,0,0,0,24.46375171,0,0,0,0,25.22207529,0,0,0,0,26.77147866,0,0,0,0,27.31122612,0,0,0,0,28.28960462,0,0,0,0,28.61133327,0,0,0,0,28.88726656,0,0,1,0,25.94331513,0,0,1,0,24.36779312,0,0,1,0,25.2193966,0,0,0,0,26.14209858,0,0,0,0,25.99901576,0,0,1,0,26.08564045,0,0,1,0,25.8766,0,0,0,0,25.93275126,0,0,0,0,25.53544791,0,0,0,0,25.24750865,0
2025-09-17,0,0,0,0,25.28052598,0,0,0,0,25.2658,0,0,0,0,25.33423626,0,0,0,0,25.60616901,0,0,0,0,25.78683862,0,0,0,0,25.58501629,0,0,0,0,25.5127185,0,0,1,0,25.53544791,0,0,0,0,25.8181985,0,0,1,0,25.91240601,0,0,1,0,25.76930361,0,0,1,0,24.00091746,0,0,1,0,23.65472442,0,0,1,0,25.27451668,0,0,0,0,23.76357128,0,0,0,0,25.04211339,0,0,1,0,24.1115175,0,0,0,0,24.1245868,0,0,0,0,24.41352843,0,0,0,0,23.89722634,0,0,0,0,23.9290184,0,0,0,0,23.89559857,0,0,0,0,24.21778227,0,0,0,0,23.6845623,0
2025-09-18,0,0,0,0,23.06894589,0,0,0,0,22.83196167,0,0,0,0,22.7208,0,0,0,0,22.29726411,0,0,0,0,22.98376838,0,0,0,0,21.6998725,0,0,0,0,21.52664467,0,0,0,0,21.82901418,0,0,0,0,21.91943312,0,0,0,0,22.47923468,0,0,0,0,23.36418034,0,0,0,0,24.1115175,0,0,0,0,26.16818039,0,0,0,0,27.10551109,0,0,0,0,27.54701446,0,0,0,0,27.78115428,0,0,0,0,27.56133365,0,0,0,0,27.10551109,0,0,0,0,26.14308914,0,0,0,0,24.73933578,0,0,0,0,23.50202731,0,0,0,0,22.70714489,0,0,0,0,22.1385982,0,0,0,0,21.88660245,0
2025-09-19,0,0,0,0,21.36596731,0,0,0,0,21.19159045,0,0,0,0,20.8140881,0,0,0,0,20.78330802,0,0,0,0,20.57356638,0,0,0,0,20.44033658,0,0,0,0,20.56660867,0,0,0,0,20.4617164,0,0,0,0,20.85680439,0,0,0,0,21.27575854,0,0,0,0,21.770803,0,0,0,0,22.30469799,0,0,0,0,23.17157771,0,0,1,0,22.32428114,0,0,1,0,22.14735044,0,0,1,0,21.79860068,0,0,1,0,21.55834343,0,0,1,0,20.96671471,0,0,1,0,20.33066826,0,0,1,0,20.16204133,0,0,1,0,20.18513276,0,0,1,0,20.08409648,0,0,1,0,19.83364933,0,0,1,0,19.26882631,0
2025-09-20,0,0,1,0,19.32976405,0,0,1,0,18.96033762,0,0,1,0,18.93227129,0,0,1,0,18.7685084,0,0,1,0,18.65859808,0,0,1,0,18.93331087,0,0,1,0,19.32381439,0,0,1,0,20.01000333,0,0,0,0,19.94869853,0,0,0,0,20.51352275,0,0,0,0,21.49473632,0,0,0,0,21.8157369,0,0,0,0,22.77432754,0,0,0,0,23.27957257,0,0,0,0,24.51955707,0,0,0,0,25.38583932,0,0,0,0,24.96458597,0,0,0,0,25.20073242,0,0,0,0,24.39015503,0,0,0,0,23.78569949,0,0,0,0,23.33515444,0,0,0,0,22.15687797,0,0,0,0,21.84133471,0,0,0,0,21.45365146,1
2025-09-21,0,0,0,0,21.31685131,0,0,0,0,20.65254666,0,0,0,0,20.46356695,0,0,0,0,20.32287393,0,0,0,0,19.70172577,0,0,0,0,19.62000848,0,0,0,0,19.12490906,0,0,0,0,19.42389599,0,0,0,0,20.8573658,0,0,0,0,22.38651489,0,0,0,0,23.81709894,0,0,0,0,25.09537021,0,0,0,0,26.48222869,0,0,0,0,27.59741941,0,0,0,0,28.59077328,0,0,0,0,29.00342231,0,0,0,0,29.2487256,0,0,0,0,28.58448467,0,0,0,0,26.78976813,0,0,0,0,25.25920757,0,0,0,0,23.85971327,0,0,0,0,22.75549731,0,0,0,0,22.32325465,0,0,0,0,21.48499958,1
2025-09-22,0,0,0,0,20.8916577,0,0,0,0,20.74847833,0,0,0,0,20.37278119,0,0,0,0,19.89687485,0,0,0,0,19.68397398,0,0,0,0,19.26053031,0,0,0,0,18.91117048,0,0,0,0,18.85117365,0,0,0,0,19.42483197,0,0,0,0,21.10705795,0,0,0,0,23.03829185,0,0,0,0,24.73151393,0,0,0,0,26.17667777,0,0,0,0,26.57550577,0,0,0,0,26.92260356,0,0,0,0,26.28557851,0,0,0,0,26.42519709,0,0,0,0,26.41749116,0,0,0,0,26.0372019,0,0,0,0,24.35884732,0,0,0,0,23.77926908,0,0,0,0,23.07967931,0,0,0,0,22.93358995,0,0,0,0,22.74438725,0
2025-09-23,0,0,0,0,22.37178244,0,0,0,0,22.15687797,0,0,0,0,21.96886514,0,0,0,0,21.72706902,0,0,0,0,21.60008181,0,0,0,0,21.10835705,0,0,0,0,20.78330802,0,0,0,0,20.79042219,0,0,0,0,21.45365146,0,0,0,0,22.53079201,0,0,0,0,23.96557622,0,0,0,0,25.3449502,0,0,0,0,26.66400772,0,0,0,0,27.65071856,0,0,0,0,27.81018885,0,0,0,0,28.21495916,0,0,0,0,28.53621422,0,0,0,0,27.38347162,0,0,0,0,26.84485595,0,0,0,0,26.42201638,0,0,0,0,25.45701396,0,0,0,0,25.11729505,0,0,0,0,24.95035327,0,0,0,0,24.63686375,0
2025-09-24,0,0,0,0,24.16028597,0,0,0,0,23.53247334,0,0,0,0,23.23140034,0,0,0,0,22.82591456,0,0,0,0,21.97515445,0,0,0,0,22.12609257,0,0,0,0,21.82648875,0,0,0,0,22.29025867,0,0,0,0,23.19683834,0,0,0,0,24.22211753,0,0,0,0,24.81357576,0,0,0,0,25.30753004,0,0,1,0,25.58501629,0,0,1,0,24.85927263,0,0,1,0,24.29138547,0,0,1,0,24.38641495,0,0,1,0,24.78846167,0,0,1,0,24.90870266,0,0,1,0,24.62827942,0,0,1,0,24.46719699,0,0,1,0,23.35273246,0,0,1,0,23.22318316,0,0,1,0,23.32927151,0,0,0,0,23.43535986,0
2025-09-25,0,0,0,0,24.37574458,0,0,1,0,23.59327847,0,0,0,0,23.48228791,0,0,0,0,24.09734934,0,0,0,0,22.95798248,0,0,0,0,22.75167465,0,0,0,0,23.15457796,0,0,0,0,22.93351704,0,0,0,0,22.93493536,0,0,0,0,23.637,0,0,0,0,24.5825143,0,0,0,0,25.2003564,0,0,0,0,25.78775703,0,0,0,0,26.70970269,0,0,0,0,27.04236384,0,0,0,0,27.76387522,0,0,0,0,28.07534226,0,0,0,0,27.63934956,0,0,0,0,27.03401444,0,0,0,0,25.7073062,0,0,0,0,24.36779312,0,0,0,0,24.03801989,0,0,0,0,23.10009487,0,0,0,0,22.72898799,0
2025-09-26,0,0,0,0,21.86173396,0,0,0,0,22.06636718,0,0,0,0,21.76295559,0,0,0,0,21.49178134,0,0,0,0,20.66951432,0,0,0,0,20.36059326,0,0,0,0,19.84572485,0,0,0,0,20.02164588,0,0,0,0,20.8009638,0,0,0,0,20.99532776,0,0,0,0,21.64747161,0,0,0,0,23.20918801,0,0,0,0,24.77354196,0,0,0,0,26.47556579,0,0,0,0,27.55151378,0,0,0,0,28.91856112,0,0,0,0,28.97430894,0,0,0,0,28.51145853,0,0,0,0,26.84485595,0,0,0,0,25.47062735,0,0,0,0,25.1432455,0,0,0,0,24.55111618,0,0,0,0,24.02499611,0,0,0,0,23.47156943,0
2025-09-27,0,0,0,0,22.4154,0,0,0,0,21.6520213,0,0,0,0,21.08778532,0,0,0,0,20.29084265,0,0,0,0,19.90954577,0,0,0,0,19.74340111,0,0,0,0,19.2200659,0,0,0,0,19.25566758,0,0,0,0,20.40738181,0,0,0,0,22.88590268,0,0,0,0,24.77636376,0,0,0,0,27.04236384,0,0,0,0,28.11711887,0,0,0,0,28.87808925,0,0,0,0,28.85334389,0,0,0,0,28.94516183,0,0,0,0,28.54523945,0,0,0,0,28.28165546,0,0,0,0,27.55027999,0,0,0,0,26.37110825,0,0,0,0,25.04778779,0,0,0,0,24.35885503,0,0,0,0,23.9290184,0,0,0,0,23.78569949,1
2025-09-28,0,0,0,0,23.58361932,0,0,0,0,23.6845623,0,0,0,0,23.51501893,0,0,0,0,23.41151906,0,0,0,0,23.38845991,0,0,1,0,22.93358995,0,0,1,0,22.23170924,0,0,1,0,21.72706902,0,0,1,0,21.32696743,0,0,1,0,21.2956,0,0,1,0,19.57691614,0,0,1,0,20.61702262,0,0,1,0,21.03304643,0,0,0,0,21.38393249,0,0,0,0,23.83804217,0,0,0,0,22.7781409,0,0,0,0,23.06894589,0,0,0,0,22.69274139,0,0,0,0,22.83310769,0,0,0,0,21.83452126,0,0,0,0,22.10161611,0,0,0,0,21.69925115,0,0,0,0,21.54852143,0,0,0,0,21.25268869,1
2025-09-29,0,0,0,0,20.29603788,0,0,0,0,19.72448536,0,0,0,0,19.89252354,0,0,0,0,19.11326829,0,0,0,0,18.71840639,0,0,0,0,20.10701758,0,0,0,0,18.37974427,0,0,0,0,18.57522367,0,0,0,0,18.81090417,0,0,0,0,19.84134888,0,0,0,0,21.70653225,0,0,0,0,22.63758963,0,0,0,0,22.56261735,0,0,0,0,24.14906167,0,0,0,0,24.75427576,0,0,0,0,25.59534955,0,0,0,0,25.43099037,0,0,0,0,26.08564045,0,0,0,0,24.26834664,0,0,0,0,22.63758963,0,0,0,0,22.4154,0,0,0,0,22.0020155,0,0,0,0,21.32696743,0,0,0,0,20.41002288,0
2025-09-30,0,0,0,0,20.34703486,0,0,0,0,20.04362327,0,0,0,0,19.84134888,0,0,0,0,20.36205916,0,0,0,0,19.29791412,0,0,0,0,19.52788907,0,0,0,0,19.08573741,0,0,0,0,19.22788274,0,0,0,0,19.63977748,0,0,0,0,20.46382682,0,0,0,0,21.10705795,0,0,0,0,21.90519852,0,0,0,0,22.61646027,0,0,0,0,23.6876124,0,0,0,0,25.72251186,0,0,0,0,25.23886185,0,0,0,0,25.33423626,0,0,0,0,24.83153632,0,0,0,0,24.01676593,0,0,0,0,22.95966082,0,0,0,0,22.01581252,0,0,0,0,21.71174382,0,0,0,0,21.3974,0,0,0,0,21.29946083,0
2025-10-01,0,0,0,0,20.75158364,0,0,0,0,20.22246458,0,0,0,0,20.22544564,0,0,0,0,19.6668,0,0,0,0,19.82082718,0,0,0,0,19.29208864,0,0,0,0,18.48464095,0,0,0,0,18.28235471,0,0,0,0,18.96919217,0,0,0,0,21.20750446,0,0,0,0,22.7710366,0,0,0,0,24.19024828,0,0,0,0,24.59252863,0,0,0,0,26.02515849,0,0,0,0,27.29596206,0,0,0,0,27.60073061,0,0,0,0,26.37280901,0,0,0,0,25.24089263,0,0,0,0,24.01132339,0,0,0,0,23.42471156,0,0,0,0,22.87748703,0,0,0,0,22.22643919,0,0,0,0,21.6520213,0,0,0,0,21.32696743,0
2025-10-02,0,0,0,0,20.75158364,0,0,0,0,20.60760698,0,0,0,0,20.34703486,0,0,0,0,20.40621092,0,0,0,0,20.32308339,0,0,0,0,19.47852407,0,0,0,0,19.27152434,0,0,0,0,18.75492981,0,0,0,0,19.90654433,0,0,0,0,21.52664467,0,0,0,0,23.19683834,0,0,0,0,25.0622,0,0,0,0,26.2105966,0,0,0,0,27.77420704,0,0,0,0,27.78498231,0,0,0,0,27.45485574,0,0,0,0,27.40210595,0,0,0,0,26.33365936,0,0,0,0,25.5127185,0,0,0,0,24.8586,0,0,0,0,24.04416499,0,0,0,0,23.59551258,0,0,0,0,23.44629707,0,0,0,0,23.03929984,0
2025-10-03,0,0,0,0,22.80159139,0,0,0,0,22.89401972,0,0,0,0,22.69274139,0,0,0,0,22.68050815,0,0,1,0,22.67159494,0,0,1,0,22.47091596,0,0,0,0,21.56961346,0,0,0,0,21.55936136,0,0,0,0,21.54034043,0,0,1,0,21.84133471,0,0,1,0,21.68943672,0,0,1,0,21.95199691,0,0,0,0,23.43606014,0,0,0,0,23.76866152,0,0,1,0,23.79869831,0,0,0,0,23.87636223,0,0,0,0,23.6373172,0,0,0,0,23.70874926,0,0,0,0,23.58143932,0,0,0,0,23.40386131,0,0,0,0,23.42471156,0,0,0,0,23.30328877,0,0,0,0,23.09021884,0,0,0,0,22.84195186,1
2025-10-04,0,0,0,0,22.93304574,0,0,0,0,22.71240337,0,0,0,0,22.85831922,0,0,0,0,22.89030151,0,0,0,0,22.82591456,0,0,0,0,22.82591456,0,0,0,0,22.95966082,0,0,0,0,22.69413915,0,0,0,0,23.35642952,0,0,0,0,23.51618964,0,0,0,0,23.85575867,0,0,0,0,24.30937186,0,0,0,0,24.79359486,0,0,0,0,25.596466,0,0,0,0,26.86180262,0,0,0,0,26.93627549,0,0,0,0,26.51192208,0,0,0,0,26.01099421,0,0,0,0,25.79201602,0,0,0,0,25.61225114,0,0,0,0,25.4694,0,0,0,0,25.46347452,0,0,0,0,24.39015503,0,0,0,0,24.20757782,1
2025-10-05,0,0,0,0,24.79950615,0,0,0,0,24.3496,0,0,0,0,24.29138547,0,0,0,0,23.99959165,0,0,0,0,23.86412724,0,0,0,0,23.65521216,0,0,0,0,23.72201866,0,0,0,0,23.46213941,0,0,0,0,23.79809704,0,0,0,0,23.86412724,0,0,1,0,23.54144821,0,0,1,0,23.48228791,0,0,1,0,23.01649586,0,0,0,0,23.67355919,0,0,1,0,23.47962623,0,0,1,0,23.22318316,0,0,0,0,23.55375705,0,0,0,0,23.43535986,0,0,0,0,23.1170948,0,0,0,0,22.6116522,0,0,0,0,22.51075038,0,0,0,0,22.43131531,0,0,0,0,22.85566774,0,0,1,0,22.61063674,1
2025-10-06,0,0,0,0,22.48056469,0,0,0,0,22.5061792,0,0,0,0,22.67159494,0,0,0,0,22.47071479,0,0,0,0,22.15687797,0,0,0,0,21.79860068,0,0,0,0,21.53701977,0,0,0,0,21.67489065,0,0,1,0,21.26947603,0,0,1,0,19.84469852,0,0,1,0,18.68787787,0,0,1,0,18.75733635,0,0,0,0,18.8212865,0,0,1,0,18.6210392,0,0,1,0,18.42123373,0,0,1,0,17.83909306,0,0,1,0,17.12906649,0,0,1,0,16.85177387,0,0,1,0,16.49105865,0,0,1,0,16.1517243,0,0,1,0,15.9520666,0,0,1,0,15.94825328,0,0,1,0,15.92550139,0,0,1,0,15.97141549,1
2025-10-07,0,0,1,0,16.25802368,0,0,1,0,16.64560138,0,0,1,0,16.76077474,0,0,1,0,16.80938308,0,0,1,0,17.14922265,0,0,1,0,17.4586476,0,0,1,0,17.52496007,0,0,1,0,17.74902849,0,0,1,0,17.79641137,0,0,0,0,18.50979744,0,0,0,0,19.31038694,0,0,0,0,19.82430239,0,0,0,0,20.79240572,0,0,0,0,21.05546645,0,0,0,0,21.19159045,0,0,1,0,20.94944231,0,0,0,0,21.05834305,0,0,1,0,21.17330582,0,0,1,0,21.23802183,0,0,1,0,20.81939211,0,0,0,0,20.53557746,0,0,0,0,20.62594344,0,0,1,0,21.29946083,0,0,1,0,20.56781991,1
2025-10-08,0,0,0,0,20.583,0,0,0,0,20.4812,0,0,0,0,21.49899378,0,0,0,0,20.36059326,0,0,0,0,20.70227558,0,0,0,0,21.12780012,0,0,0,0,20.9422033,0,0,0,0,18.90422767,0,0,0,0,19.72041783,0,0,0,0,21.55936136,0,0,0,0,23.85971327,0,0,0,0,25.61132518,0,0,0,0,26.84793534,0,0,0,0,28.03524859,0,0,0,0,29.03382112,0,0,0,0,29.7085857,0,0,0,0,29.92719739,0,0,0,0,28.45178279,0,0,0,0,26.32351816,0,0,0,0,24.9005957,0,0,0,0,24.29138547,0,0,0,0,23.79809704,0,0,0,0,23.85097992,0,0,0,0,23.23474509,1
2025-10-09,0,0,0,0,22.45168529,0,0,0,0,22.15687797,0,0,0,0,21.90776465,0,0,0,0,21.90776465,0,0,0,0,21.6261766,0,0,0,0,21.47110879,0,0,0,0,21.25278086,0,0,0,0,21.3250564,0,0,0,0,21.45876932,0,0,0,0,21.53104158,0,0,0,0,22.14891336,0,0,0,0,22.67853362,0,0,0,0,23.94972277,0,0,0,0,24.1115175,0,0,0,0,23.99866299,0,0,0,0,23.29171286,0,0,0,0,22.07475244,0,0,0,0,21.89951683,0,0,0,0,21.34651667,0,0,0,0,20.88425175,0,0,0,0,20.42071426,0,0,0,0,19.93108136,0,0,0,0,18.88469521,0,0,0,0,18.28798254,1
2025-10-10,0,0,0,0,17.86696143,0,0,1,0,17.55949492,0,0,1,0,16.90153697,0,0,1,0,17.21371419,0,0,1,0,17.09020895,0,0,1,0,17.2468172,0,0,1,0,17.29097621,0,0,1,0,17.43204212,0,0,1,0,18.06505423,0,0,0,0,17.79132089,0,0,1,0,18.10888867,0,0,1,0,18.79287544,0,0,1,0,18.74200969,0,0,1,0,19.0407631,0,0,1,0,18.96033762,0,0,1,0,18.85117365,0,0,1,0,18.86531333,0,0,1,0,18.63284572,0,0,1,0,18.46630685,0,0,1,0,18.32886713,0,0,1,0,18.46630685,0,0,1,0,18.28731393,0,0,1,0,18.41196145,0,0,1,0,18.649192,0
2025-10-11,0,0,1,0,18.52368176,0,0,1,0,18.58448259,0,0,1,0,18.649192,0,0,1,0,18.82585863,0,0,1,0,19.02232395,0,0,1,0,19.1723524,0,0,1,0,19.52788907,0,0,1,0,19.55087341,0,0,1,0,20.1113629,0,0,1,0,20.36059326,0,0,0,0,20.89726459,0,0,0,0,21.9419735,0,0,0,0,22.7781409,0,0,0,0,24.34184578,0,0,0,0,25.31375187,0,0,0,0,25.31375187,0,0,0,0,25.32811786,0,0,0,0,24.95082804,0,0,1,0,24.183127,0,0,1,0,23.79423583,0,0,1,0,23.78086152,0,0,1,0,23.37563315,0,0,1,0,22.26707291,0,0,1,0,21.63185787,1
2025-10-12,0,0,0,0,21.60775074,0,0,0,0,20.99532776,0,0,0,0,20.22273771,0,0,0,0,19.53360775,0,0,0,0,19.70172577,0,0,0,0,19.47852407,0,0,0,0,19.84134888,0,0,0,0,19.59931649,0,0,1,0,20.01145803,0,0,0,0,19.84572485,0,0,0,0,20.9902,0,0,0,0,21.96886514,0,0,0,0,22.63758963,0,0,0,0,23.17425923,0,0,0,0,22.74337127,0,0,0,0,21.81397444,0,0,0,0,21.84705012,0,0,0,0,21.21670847,0,0,0,0,20.87900986,0,0,0,0,20.64844298,0,0,0,0,20.37946915,0,0,0,0,20.24051634,0,0,0,0,20.22099995,0,0,0,0,20.08743218,1
2025-10-13,0,0,0,0,19.56299004,0,0,0,0,19.06950158,0,0,1,0,18.32886713,0,0,1,0,17.99913619,0,0,0,0,17.94749424,0,0,1,0,18.21927392,0,0,1,0,17.93270562,0,0,1,0,17.31179777,0,0,1,0,17.42064708,0,0,0,0,17.53079312,0,0,0,0,17.39737988,0,0,0,0,17.80731561,0,0,0,0,18.02763358,0,0,1,0,17.26103956,0,0,0,0,16.87689601,0,0,1,0,16.99538626,0,0,1,0,16.23165913,0,0,1,0,15.59464567,0,0,1,0,14.81885253,0,0,1,0,14.66861084,0,0,1,0,14.50509423,0,0,1,0,14.77714208,0,0,0,0,14.92127094,0,0,0,0,15.10258276,0
2025-10-14,0,0,0,0,15.21772624,0,0,0,0,15.65148624,0,0,0,0,15.72459889,0,0,0,0,15.94393553,0,0,0,0,15.61493058,0,0,1,0,15.817196,0,0,1,0,15.40567184,0,0,1,0,15.54816437,0,0,0,0,15.89740094,0,0,0,0,16.86766685,0,0,0,0,18.16506789,0,0,0,0,19.86043493,0,0,0,0,21.27575854,0,0,0,0,21.84705012,0,0,0,0,22.23131693,0,0,0,0,21.94178037,0,0,0,0,22.30469799,0,0,0,0,21.95199691,0,0,0,0,21.33950408,0,0,0,0,21.0823556,0,0,0,0,20.59779708,0,0,0,0,20.62594344,0,0,0,0,20.33018994,0,0,0,0,19.68751617,0
2025-10-15,0,0,0,0,19.06600622,0,0,0,0,19.32976405,0,0,0,0,18.87356071,0,0,0,0,18.3264051,0,0,0,0,18.19366789,0,0,0,0,17.64116742,0,0,0,0,17.64388403,0,0,0,0,17.68242016,0,0,0,0,18.4945926,0,0,0,0,20.29603788,0,0,0,0,22.58010157,0,0,0,0,24.41337494,0,0,0,0,25.18268357,0,0,0,0,26.86180262,0,0,0,0,27.14763492,0,0,0,0,26.3475152,0,0,0,0,25.81025402,0,0,0,0,25.28993164,0,0,0,0,24.85927263,0,0,1,0,23.5110495,0,0,0,0,22.19362071,0,0,0,0,21.67641108,0,0,0,0,21.40471231,0,0,1,0,21.90241489,0
2025-10-16,0,0,1,0,20.24155964,0,0,1,0,20.14662094,0,0,1,0,19.43752582,0,0,1,0,18.74239958,0,0,0,0,18.43877745,0,0,0,0,20.07287993,0,0,0,0,19.4368001,0,0,0,0,19.63961918,0,0,0,0,19.1578,0,0,0,0,20.53981349,0,0,0,0,22.07599632,0,0,0,0,24.28406668,0,0,0,0,25.84628267,0,0,0,0,25.20073242,0,0,0,0,26.05773562,0,0,0,0,26.18547861,0,0,0,0,26.536016,0,0,0,0,25.04113822,0,0,0,0,23.60039959,0,0,0,0,22.56261735,0,0,0,0,21.54916519,0,0,0,0,20.97587792,0,0,0,0,20.48296057,0,0,0,0,19.75451787,0
2025-10-17,0,0,0,0,19.07353912,0,0,0,0,19.14821534,0,0,0,0,18.5570547,0,0,0,0,18.3672236,0,0,0,0,18.43233506,0,0,0,0,17.46935568,0,0,0,0,16.89171837,0,0,0,0,16.95900496,0,0,0,0,17.69862862,0,0,0,0,20.00783323,0,0,0,0,21.05546645,0,0,0,0,23.83610397,0,0,0,0,25.24101604,0,0,0,0,26.15980226,0,0,0,0,26.24240986,0,0,0,0,25.87574278,0,0,0,0,25.18280047,0,0,0,0,25.0622,0,0,0,0,24.17749987,0,0,1,0,22.61063674,0,0,1,0,21.90519852,0,0,1,0,21.25268869,0,0,1,0,21.15613242,0,0,1,0,21.09702846,0
2025-10-18,0,0,1,0,20.82492068,0,0,1,0,19.97371298,0,0,1,0,20.00895362,0,0,1,0,18.90498013,0,0,1,0,17.83394037,0,0,1,0,17.46052468,0,0,1,0,17.44851484,0,0,1,0,17.70113227,0,0,0,0,16.06247881,0,0,0,0,16.52795785,0,0,0,0,17.44802741,0,0,0,0,16.85545898,0,0,0,0,16.8862223,0,0,0,0,17.28092866,0,0,0,0,17.32287815,0,0,0,0,17.71333739,0,0,0,0,17.9384945,0,0,0,0,17.42897955,0,0,0,0,16.79012271,0,0,0,0,17.22525579,0,0,0,0,17.06608565,0,0,0,0,17.31059343,0,0,0,0,16.176914,0,0,0,0,16.13867223,1
2025-10-19,0,0,0,0,15.75732728,0,0,0,0,15.29931136,0,0,0,0,15.29931136,0,0,0,0,15.43386331,0,0,0,0,14.95990169,0,0,0,0,14.78725397,0,0,0,0,14.74420725,0,0,0,0,14.432228,0,0,0,0,15.06513224,0,0,0,0,16.89171837,0,0,0,0,19.90654433,0,0,0,0,20.36059326,0,0,0,0,20.16204133,0,0,0,0,19.75153419,0,0,0,0,19.89199499,0,0,0,0,20.51383936,0,0,0,0,19.28848974,0,0,0,0,17.81827061,0,0,0,0,15.3835529,0,0,0,0,13.77638381,0,0,0,0,12.56464169,0,0,0,0,11.61280857,0,0,0,0,10.87189933,0,0,0,0,9.794143511,1
2025-10-20,0,0,0,0,8.475024495,0,0,0,0,7.96352453,0,0,0,0,7.721533162,0,0,0,0,6.450757219,0,0,0,0,6.721636162,0,0,0,0,6.541975571,0,0,0,0,6.640065228,0,0,0,0,6.748040302,0,0,0,0,6.829397938,0,0,0,0,8.470336767,0,0,0,0,11.71603397,0,0,0,0,13.38011883,0,0,0,0,14.68394507,0,0,0,0,14.47488432,0,0,0,0,16.28867858,0,0,0,0,16.92011499,0,0,0,0,16.92022135,0,0,0,0,16.11526354,0,0,0,0,14.29891076,0,0,0,0,12.75665164,0,0,0,0,11.46464466,0,0,0,0,10.46051961,0,0,0,0,9.962139105,0,0,0,0,9.074292338,0
2025-10-21,0,0,0,0,9.033488051,0,0,0,0,7.579125708,0,0,0,0,7.672677596,0,0,0,0,7.806022644,0,0,0,0,7.048719098,0,0,0,0,6.665093325,0,0,0,0,6.33404083,0,0,0,0,7.161524838,0,0,0,0,8.020727635,0,0,0,0,10.46167124,0,0,0,0,11.20175539,0,0,0,0,11.53063752,0,0,0,0,13.77338746,0,0,0,0,14.48048409,0,0,0,0,14.78245029,0,0,0,0,15.17248258,0,0,0,0,14.86706869,0,0,0,0,14.8937044,0,0,0,0,13.13089008,0,0,0,0,11.67867789,0,0,0,0,10.86882405,0,0,0,0,10.88701436,0,0,0,0,10.53672692,0,0,0,0,10.03104094,0
2025-10-22,0,0,0,0,9.626492158,0,0,0,0,8.714537795,0,0,0,0,9.855213704,0,0,0,0,8.436704791,0,0,0,0,10.00249691,0,0,0,0,8.300538323,0,0,0,0,8.817394596,0,0,0,0,9.778207028,0,0,0,0,10.24132421,0,0,0,0,11.7656411,0,0,0,0,14.79107624,0,0,0,0,16.63571963,0,0,0,0,18.3880646,0,0,0,0,19.61197923,0,0,0,0,19.32976405,0,0,0,0,20.04050394,0,0,0,0,20.31257082,0,0,0,0,19.00647067,0,0,0,0,18.69594441,0,0,0,0,17.75036419,0,0,0,0,17.51519339,0,0,0,0,16.22973264,0,0,0,0,15.74530788,0,0,0,0,15.08319002,0
2025-10-23,0,0,0,0,14.48048409,0,0,0,0,14.22262554,0,0,0,0,13.90668552,0,0,0,0,13.56914309,0,0,0,0,13.68253146,0,0,0,0,13.56433014,0,0,0,0,13.44960032,0,0,0,0,13.63111947,0,0,0,0,13.83391343,0,0,0,0,15.12705475,0,0,0,0,16.06244698,0,0,0,0,18.35990805,0,0,0,0,19.58136802,0,0,0,0,19.89474065,0,0,0,0,20.30652302,0,0,0,0,20.08409648,0,0,0,0,20.89755336,0,0,0,0,20.16114122,0,0,0,0,18.60401227,0,0,0,0,17.71333739,0,0,0,0,17.17884456,0,0,0,0,16.11826561,0,0,0,0,15.38107225,0,0,0,0,14.1739778,0
2025-10-24,0,0,0,0,13.67840137,0,0,0,0,13.21748987,0,0,0,0,12.94326167,0,0,0,0,12.91418931,0,0,0,0,13.15300788,0,0,0,0,12.97181922,0,0,0,0,12.7646957,0,0,0,0,12.55179483,0,0,0,0,13.07958099,0,0,0,0,15.77362541,0,0,0,0,16.67313329,0,0,0,0,18.74200969,0,0,0,0,20.13320997,0,0,0,0,21.142423,0,0,0,0,22.71509428,0,0,0,0,22.58668692,0,0,0,0,22.64769254,0,0,0,0,21.32696743,0,0,0,0,20.04362327,0,0,0,0,18.0870259,0,0,0,0,17.71544663,0,0,0,0,18.53059069,0,0,0,0,17.51141213,0,0,0,0,16.62944732,0
2025-10-25,0,0,0,0,16.7318566,0,0,0,0,16.60772797,0,0,0,0,16.13867223,0,0,0,0,15.29860881,0,0,0,0,15.19571738,0,0,0,0,14.71753014,0,0,0,0,13.94167521,0,0,0,0,13.9869827,0,0,0,0,13.52387975,0,0,0,0,14.36255153,0,0,0,0,14.89820742,0,0,0,0,17.38202566,0,0,0,0,17.75133626,0,0,0,0,17.61923522,0,0,0,0,17.9384945,0,0,0,0,18.68607782,0,0,0,0,18.80174158,0,0,0,0,17.78470667,0,0,0,0,16.32744025,0,0,0,0,15.17248258,0,0,0,0,14.99970928,0,0,0,0,14.78921187,0,0,0,0,14.45675515,0,0,0,0,14.36255153,1
2025-10-26,0,0,0,0,13.68012702,0,0,0,0,14.37644313,0,0,0,0,13.966806,0,0,0,0,13.14478968,0,0,0,0,12.81220891,0,0,0,0,13.45475959,0,0,0,0,13.1524354,0,0,0,0,12.97632484,0,0,0,0,13.77311716,0,0,0,0,13.73682936,0,0,0,0,14.37108871,0,0,0,0,14.69704066,0,0,1,0,14.27403384,0,0,1,0,14.5768,0,0,0,0,15.60535451,0,0,0,0,14.71572618,0,0,0,0,14.54288669,0,0,0,0,14.73611496,0,0,0,0,14.25403339,0,0,0,0,14.63157047,0,0,0,0,14.78098235,0,0,0,0,13.55979223,0,0,0,0,13.1630823,0,0,0,0,12.10829075,1
2025-10-27,0,0,0,0,11.51910653,0,0,0,0,10.06531328,0,0,0,0,8.75135661,0,0,0,0,8.106395959,0,0,0,0,6.914549526,0,0,0,0,5.87483176,0,0,0,0,5.14160875,0,0,0,0,4.568012206,0,0,0,0,4.39935202,0,0,0,0,5.58307126,0,0,0,0,7.663552203,0,0,0,0,10.11239939,0,0,0,0,10.28628678,0,0,0,0,10.54463903,0,0,0,0,12.31532485,0,0,0,0,12.39150086,0,0,0,0,12.10554439,0,0,0,0,12.16555204,0,0,0,0,10.63514504,0,0,0,0,9.761572017,0,0,0,0,10.2846468,0,0,0,0,9.651330153,0,0,0,0,9.27784541,0,0,0,0,7.827549702,0
2025-10-28,0,0,0,0,7.986580874,0,0,0,0,7.385909111,0,0,0,0,6.9418,0,0,0,0,6.023541226,0,0,0,0,6.563921188,0,0,0,0,4.988542546,0,0,0,0,5.76711632,0,0,0,0,5.70166607,0,0,0,0,4.323589169,0,0,0,0,6.511149543,0,0,0,0,9.694152019,0,0,0,0,13.0498,0,0,0,0,12.81391604,0,0,0,0,14.68394507,0,0,0,0,15.08319002,0,0,0,0,15.49483929,0,0,0,0,14.68394507,0,0,0,0,13.90668552,0,0,0,0,13.35235031,0,0,0,0,12.53307606,0,0,0,0,12.04195465,0,0,0,0,10.8102,0,0,0,0,9.752539259,0,0,0,0,8.834146404,0
2025-10-29,0,0,0,0,8.712608428,0,0,0,0,8.714537795,0,0,0,0,7.628195352,0,0,0,0,7.151935242,0,0,0,0,7.122822647,0,0,0,0,6.852497208,0,0,0,0,6.937159715,0,0,0,0,7.287015185,0,0,0,0,8.080634955,0,0,0,0,9.784083522,0,0,0,0,11.30106671,0,0,0,0,14.31176155,0,0,0,0,16.3041035,0,0,0,0,18.11896244,0,0,0,0,19.05908031,0,0,0,0,20.09952328,0,0,0,0,19.23374374,0,0,0,0,18.65052513,0,0,0,0,16.90837022,0,0,0,0,15.92637838,0,0,0,0,14.14957584,0,0,0,0,13.86439672,0,0,0,0,13.36856838,0,0,0,0,12.19084016,0
2025-10-30,0,0,0,0,11.72840784,0,0,0,0,11.20844242,0,0,0,0,11.1156,0,0,0,0,10.07573171,0,0,0,0,9.799465356,0,0,0,0,9.752539259,0,0,0,0,8.979884229,0,0,0,0,9.135613834,0,0,0,0,9.762359086,0,0,0,0,12.13003344,0,0,0,0,14.22262554,0,0,0,0,15.66586363,0,0,0,0,17.25509333,0,0,0,0,19.59931649,0,0,0,0,19.64725637,0,0,0,0,19.32686352,0,0,0,0,19.27152434,0,0,0,0,18.27484759,0,0,0,0,17.06608565,0,0,0,0,16.55056696,0,0,0,0,16.11740091,0,0,0,0,15.23284388,0,0,0,0,15.52797595,0,0,0,0,15.12957352,0
2025-10-31,0,0,0,0,14.37644313,0,0,0,0,14.27880314,0,0,0,0,13.65957815,0,0,0,0,13.6606,0,0,0,0,12.97632484,0,0,0,0,12.67973044,0,0,0,0,13.06153225,0,0,0,0,12.7916278,0,0,0,0,12.86271505,0,0,0,0,14.41784991,0,0,0,0,15.70974376,0,0,0,0,17.487339,0,0,0,0,19.36462267,0,0,0,0,21.3974,0,0,0,0,22.42006694,0,0,0,0,22.36581811,0,0,0,0,20.89755336,0,0,0,0,19.79042441,0,0,0,0,18.61631451,0,0,0,0,17.91796526,0,0,0,0,17.18155653,0,0,0,0,17.1195459,0,0,0,0,15.3433064,0,0,0,0,14.56757406,0
2025-11-01,0,0,1,0,14.98523618,0,0,0,0,15.37311167,0,0,0,0,14.58126169,0,0,1,0,13.28381148,0,0,0,0,13.13302865,0,0,0,0,12.42635758,0,0,0,0,12.75558387,0,0,0,0,11.9778178,0,0,0,0,12.14438017,0,0,0,0,12.86271505,0,0,0,0,13.9699058,0,0,0,0,14.80922295,0,0,0,0,16.74387784,0,0,0,0,17.7286549,0,0,0,0,18.17607218,0,0,0,0,18.28731393,0,0,0,0,17.13791646,0,0,0,0,15.64663133,0,0,1,0,12.67298618,0,0,0,0,13.79626617,0,0,0,0,13.1516,0,0,0,0,13.63556439,0,0,0,0,13.16949216,0,0,0,0,12.97632484,1
2025-11-02,0,0,1,0,12.23353331,0,0,0,0,11.14187336,0,0,0,0,11.24468728,0,0,1,0,11.53568642,0,0,0,0,11.04594857,0,0,0,0,10.1994,0,0,0,0,8.916457599,0,0,0,0,8.76910992,0,0,0,0,8.617896139,0,0,0,0,8.37536963,0,0,0,0,9.534637705,0,0,0,0,10.5907843,0,0,0,0,10.64006978,0,0,0,0,10.77612428,0,0,0,0,11.20477015,0,0,0,0,10.6568614,0,0,0,0,10.43241666,0,0,0,0,9.138814299,0,0,0,0,8.047816611,0,0,0,0,7.079112388,0,0,0,0,6.677267984,0,0,0,0,6.006094078,0,0,0,0,4.699987996,0,0,0,0,3.818140091,1
2025-11-03,0,0,0,0,3.810871369,0,0,0,0,3.112742286,0,0,0,0,2.544511028,0,0,0,0,3.304968104,0,0,0,0,4.505768849,0,0,0,0,4.168022124,0,0,0,0,2.5644,0,0,0,0,2.5644,0,0,0,0,2.443172291,0,0,0,0,5.195542282,0,0,0,0,8.080876562,0,0,0,0,9.996984392,0,0,0,0,12.47825517,0,0,0,0,13.8895312,0,0,0,0,14.98523618,0,0,0,0,16.20011041,0,0,0,0,16.50731862,0,0,0,0,14.56740601,0,0,0,0,12.15118098,0,0,0,0,10.59866922,0,0,0,0,10.73900131,0,0,0,0,10.81914448,0,0,0,0,9.626492158,0,0,0,0,8.028495203,0
2025-11-04,0,0,0,0,8.312672265,0,0,0,0,7.785179605,0,0,0,0,7.990038719,0,0,0,0,7.77766579,0,0,0,0,6.991665237,0,0,0,0,8.173342558,0,0,0,0,6.745378566,0,0,0,0,7.162039775,0,0,0,0,7.90077753,0,0,0,0,9.191304013,0,0,0,0,12.43161961,0,0,0,0,15.44119618,0,0,0,0,16.176914,0,0,0,0,16.42019607,0,0,0,0,16.92022135,0,0,0,0,17.57648686,0,0,0,0,16.80241622,0,0,0,0,15.48638559,0,0,0,0,13.55979223,0,0,0,0,12.95803239,0,0,0,0,12.12343893,0,0,0,0,13.23993502,0,0,0,0,11.34475039,0,0,0,0,10.88439501,0
2025-11-05,0,0,0,0,10.63607709,0,0,0,0,9.148836443,0,0,0,0,8.822241209,0,0,0,0,8.028495203,0,0,0,0,8.415645948,0,0,0,0,8.003751213,0,0,0,0,6.909921777,0,0,0,0,6.654266609,0,0,0,0,6.330276076,0,0,0,0,9.646036608,0,0,0,0,12.85453252,0,0,0,0,16.1038,0,0,0,0,17.70113227,0,0,0,0,18.43515904,0,0,0,0,20.46356695,0,0,0,0,20.66951432,0,0,0,0,20.2547663,0,0,0,0,18.96172573,0,0,0,0,16.70139739,0,0,0,0,14.89963817,0,0,0,0,14.40703054,0,0,0,0,15.37429852,0,0,0,0,13.57084277,0,0,0,0,13.20197082,0
2025-11-06,0,0,0,0,11.62441476,0,0,0,0,12.51206386,0,0,0,0,10.8069345,0,0,0,0,10.6066,0,0,0,0,8.898861478,0,0,0,0,9.167585331,0,0,0,0,9.335537004,0,0,0,0,8.822241209,0,0,0,0,9.239435418,0,0,0,0,10.49356188,0,0,0,0,12.85453252,0,0,0,0,15.21190908,0,0,0,0,17.46935568,0,0,0,0,18.86206099,0,0,0,0,19.45351854,0,0,0,0,19.83364933,0,0,0,0,19.18949533,0,0,0,0,17.80829694,0,0,0,0,17.27138275,0,0,0,0,15.63960741,0,0,0,0,15.79586107,0,0,0,0,14.67186355,0,0,0,0,14.14957584,0,0,0,0,14.19790357,0
2025-11-07,0,0,0,0,13.2534,0,0,0,0,12.69176332,0,0,0,0,11.81953384,0,0,0,0,11.03697668,0,0,0,0,10.20988526,0,0,0,0,10.4075966,0,0,0,0,10.49356188,0,0,0,0,9.571182652,0,0,0,0,10.38910434,0,0,0,0,12.33703318,0,0,0,0,14.92452988,0,0,0,0,16.78426613,0,0,0,0,18.79993749,0,0,0,0,19.96764922,0,0,0,0,21.20750446,0,0,0,0,21.48499958,0,0,0,0,21.63185787,0,0,0,0,20.18124445,0,0,0,0,18.48464095,0,0,0,0,17.12098411,0,0,0,0,16.01295227,0,0,0,0,15.36128861,0,0,0,0,14.95692067,0,0,0,0,14.48931461,0
2025-11-08,0,0,0,0,14.02204383,0,0,0,0,13.64090085,0,0,0,0,13.7858277,0,0,0,0,13.46228003,0,0,0,0,13.55979223,0,0,0,0,13.71976447,0,0,0,0,13.57070734,0,0,0,0,13.76199357,0,0,0,0,13.82254419,0,0,0,0,14.70182672,0,0,0,0,16.05573602,0,0,0,0,16.75014564,0,0,0,0,17.40450642,0,0,0,0,18.1443845,0,0,0,0,18.36568497,0,0,0,0,18.47248259,0,0,0,0,18.3880646,0,0,0,0,18.06505423,0,0,0,0,17.38202566,0,0,0,0,17.07438702,0,0,0,0,16.72007583,0,0,0,0,16.55056696,0,0,0,0,15.69091013,0,0,0,0,15.54753392,1
2025-11-09,0,0,0,0,14.63002661,0,0,0,0,14.88562631,0,0,0,0,13.91226258,0,0,0,0,14.12024875,0,0,0,0,16.02388741,0,0,0,0,14.432228,0,0,0,0,13.69605885,0,0,0,0,13.04946172,0,0,0,0,12.74054067,0,0,0,0,13.63111947,0,0,0,0,15.01929297,0,0,0,0,15.97794014,0,0,0,0,17.64116742,0,0,0,0,18.83301386,0,0,0,0,18.13911571,0,0,0,0,18.20005963,0,0,0,0,16.95241286,0,0,0,0,15.76845645,0,0,0,0,14.77714208,0,0,0,0,14.5554844,0,0,0,0,14.00611978,0,0,0,0,13.12575353,0,0,0,0,11.98909949,0,0,0,0,11.51442756,1
2025-11-10,0,0,0,0,10.88026232,0,0,0,0,10.3564556,0,0,0,0,9.710424158,0,0,0,0,10.13217813,0,0,0,0,10.82717628,0,0,0,0,8.027067664,0,0,0,0,8.464936242,0,0,0,0,7.502611058,0,0,0,0,5.862512024,0,0,0,0,7.44320569,0,0,0,0,9.189892716,0,0,0,0,10.93435385,0,0,0,0,10.51110056,0,0,0,0,11.58290687,0,0,0,0,11.98402074,0,0,0,0,13.06548355,0,0,0,0,12.27731395,0,0,0,0,10.92348753,0,0,0,0,9.680156723,0,0,0,0,8.486489884,0,0,0,0,8.32309531,0,0,0,0,8.264725466,0,0,0,0,7.475968599,0,0,0,0,6.028198346,0
2025-11-11,0,0,0,0,6.654266609,0,0,0,0,6.767611655,0,0,0,0,6.1274,0,0,0,0,6.365974254,0,0,0,0,5.402542018,0,0,0,0,5.267659288,0,0,0,0,5.841303854,0,0,0,0,5.270684785,0,0,0,0,6.563921188,0,0,0,0,7.488882795,0,0,0,0,10.57753542,0,0,0,0,13.2748055,0,0,0,0,14.53856555,0,0,0,0,14.37871458,0,0,0,0,16.23262164,0,0,0,0,15.75910079,0,0,0,0,15.38738705,0,0,0,0,14.15966893,0,0,0,0,12.87114614,0,0,0,0,12.63756698,0,0,0,0,11.4565634,0,0,0,0,10.53665872,0,0,0,0,10.7084,0,0,0,0,10.48489042,0
2025-11-12,0,0,0,0,8.956958655,0,0,0,0,9.128537268,0,0,0,0,8.921537531,0,0,0,0,8.404411041,0,0,0,0,8.4688,0,0,0,0,7.045137625,0,0,0,0,7.25537808,0,0,0,0,6.971396285,0,0,0,0,7.693198604,0,0,0,0,9.167585331,0,0,0,0,11.62263152,0,0,0,0,14.69704066,0,0,0,0,16.7875275,0,0,0,0,18.65052513,0,0,0,0,18.61946963,0,0,0,0,19.2200659,0,0,0,0,18.4492073,0,0,0,0,16.23262164,0,0,0,0,14.37545112,0,0,0,0,13.45324679,0,0,0,0,12.7916278,0,0,0,0,11.7656411,0,0,0,0,11.19853463,0,0,0,0,10.01009203,0
2025-11-13,0,0,0,0,9.749536476,0,0,0,0,10.95102315,0,0,0,0,9.679482811,0,0,0,0,11.70372092,0,0,0,0,11.01277311,0,0,0,0,7.903825279,0,0,0,0,8.433506639,0,0,0,0,8.338062813,0,0,0,0,8.648144338,0,0,0,0,10.18443561,0,0,0,0,12.5345933,0,0,0,0,14.88848953,0,0,0,0,17.01383601,0,0,0,0,17.7286549,0,0,0,0,18.05691391,0,0,0,0,18.68319338,0,0,0,0,17.36962367,0,0,0,0,16.06244698,0,0,0,0,14.48048409,0,0,0,0,13.50984875,0,0,0,0,12.30133581,0,0,0,0,11.74082445,0,0,0,0,11.24677004,0,0,0,0,10.48489042,0
2025-11-14,0,0,0,0,8.582990524,0,0,0,0,7.721533162,0,0,0,0,7.069756197,0,0,0,0,7.022899202,0,0,0,0,7.369039511,0,0,0,0,6.640065228,0,0,0,0,6.900565566,0,0,0,0,6.33404083,0,0,0,0,6.286109877,0,0,0,0,8.312672265,0,0,0,0,10.70475757,0,0,0,0,12.48617666,0,0,0,0,13.0589514,0,0,0,0,14.19153758,0,0,0,0,16.03210047,0,0,0,0,15.50526226,0,0,0,0,15.63885745,0,0,0,0,14.01199886,0,0,0,0,12.85453252,0,0,0,0,11.74705238,0,0,0,0,10.74728539,0,0,0,0,10.47403555,0,0,0,0,9.358629803,0,0,0,0,9.136461735,0
2025-11-15,0,0,0,0,8.976617359,0,0,0,0,7.77667068,0,0,0,0,10.62874774,0,0,0,0,7.310202693,0,0,0,0,6.036870066,0,0,0,0,7.478054038,0,0,0,0,5.481618515,0,0,0,0,4.39935202,0,0,0,0,4.185089665,0,0,0,0,6.61794716,0,0,0,0,9.825563364,0,0,0,0,13.14753175,0,0,0,0,16.2056,0,0,0,0,16.53951896,0,0,0,0,18.91714303,0,0,0,0,18.8323705,0,0,0,0,18.58953763,0,0,0,0,16.34318422,0,0,0,0,14.64021417,0,0,0,0,13.77311716,0,0,0,0,12.66060802,0,0,0,0,10.74728539,0,0,0,0,11.08521371,0,0,0,0,9.971274169,1
2025-11-16,0,0,0,0,9.44056001,0,0,0,0,8.557044662,0,0,0,0,7.792720941,0,0,0,0,7.568750706,0,0,0,0,7.984656846,0,0,0,0,7.365592885,0,0,0,0,6.850691903,0,0,0,0,7.282935427,0,0,0,0,7.412611975,0,0,0,0,9.128537268,0,0,0,0,12.04038709,0,0,0,0,13.78646203,0,0,0,0,17.89788039,0,0,0,0,19.2905857,0,0,0,0,19.4295416,0,0,0,0,18.28798254,0,0,0,0,17.69862862,0,0,0,0,16.81121425,0,0,0,0,16.12207455,0,0,0,0,15.76845645,0,0,0,0,15.75910079,0,0,1,0,15.14912488,0,0,0,0,14.77432374,0,0,0,0,12.91463738,1
2025-11-17,0,0,0,0,9.794143511,0,0,0,0,8.917252919,0,0,0,0,7.608105355,0,0,0,0,5.709745303,0,0,0,0,5.037148066,0,0,0,0,4.428762106,0,0,0,0,3.408649911,0,0,0,0,3.264045556,0,0,0,0,3.307522658,0,0,0,0,2.214011503,0,0,0,0,3.429311294,0,0,0,0,2.890605142,0,0,0,0,3.025740266,0,0,0,0,4.062211747,0,0,0,0,3.948096845,0,0,0,0,4.686091418,0,0,0,0,4.157913664,0,0,0,0,3.374705072,0,0,0,0,2.176273627,0,0,0,0,1.6585702,0,0,0,0,0.0439644865,0,0,0,0,0.293299755,0,0,0,0,0.00883906968,0,1,0,0,0.637204985,0
2025-11-18,0,1,0,0,0.641548088,0,1,0,0,0.0811825269,0,1,0,0,-1.285076459,0,1,0,0,-0.234143487,0,1,0,0,-1.590066353,0,1,0,0,-1.712266925,0,1,0,0,-1.71256346,0,1,0,0,-2.515786472,0,1,0,0,-1.131038185,0,1,0,0,-0.92944999,0,0,0,0,0.633306318,0,0,0,0,2.941835415,0,0,0,0,4.150436418,0,0,0,0,5.049544966,0,0,0,0,6.182827278,0,0,0,0,6.244476962,0,0,0,0,4.987164554,0,0,0,0,4.462648335,0,0,0,0,3.628759426,0,0,0,0,2.980820442,0,0,0,0,3.006646712,0,0,0,0,4.063946419,0,0,0,0,2.578122002,0,0,0,0,3.061014393,0
2025-11-19,0,0,0,0,0.902500215,0,0,0,0,0.471453108,0,1,0,0,1.017120275,0,1,0,0,0.465637858,0,1,0,0,0.434548351,0,1,0,0,1.771912015,0,1,0,0,0.943869344,0,1,0,0,-0.606554786,0,1,0,0,-0.964961193,0,0,0,0,1.575282921,0,0,0,0,4.678042941,0,0,0,0,5.470663796,0,0,0,0,7.335723517,0,0,0,0,7.998046283,0,0,0,0,8.984633474,0,0,0,0,9.61414358,0,0,0,0,8.371433098,0,0,0,0,6.515645709,0,0,0,0,5.763566228,0,0,0,0,5.372555968,0,0,0,0,5.466835624,0,0,0,0,6.385062909,0,0,0,0,5.579784033,0,0,0,0,4.367358005,0
2025-11-20,0,0,0,0,4.0914,0,0,0,0,2.132447268,0,0,0,0,2.743471737,0,0,0,0,3.703821656,0,0,0,0,3.809014665,0,0,0,0,3.841209132,0,0,0,0,4.434358881,0,0,0,0,4.639111814,0,0,0,0,4.506483198,0,0,0,0,5.914297367,0,0,0,0,9.153569762,0,0,0,0,11.50485646,0,0,0,0,12.99968839,0,0,0,0,13.69476085,0,0,0,0,13.95259538,0,0,0,0,15.73155402,0,0,0,0,14.56757406,0,0,0,0,12.42552411,0,0,0,0,10.76908377,0,0,0,0,9.580723247,0,0,0,0,8.096081042,0,0,0,0,6.785095848,0,0,0,0,5.25878588,0,0,0,0,5.687246007,0
2025-11-21,0,0,0,0,6.195107172,0,0,0,0,4.7022,0,0,0,0,6.303244602,0,0,0,0,5.010848527,0,0,0,0,4.418719204,0,0,0,0,4.122654543,0,0,0,0,3.009012864,0,0,0,0,3.919942384,0,0,0,0,4.457201357,0,0,0,0,3.702926313,0,0,0,0,7.377258591,0,0,0,0,9.584966269,0,0,0,0,11.85103037,0,0,0,0,11.60407561,0,0,0,0,12.83031411,0,0,0,0,11.76326906,0,0,0,0,11.76016119,0,0,0,0,10.92203062,0,0,0,0,11.14018688,0,0,0,0,11.25574738,0,0,0,0,11.41121174,0,0,0,0,11.35539256,0,0,0,0,11.03210723,0,0,0,0,10.81084592,0
2025-11-22,0,0,0,0,10.79247009,0,0,0,0,11.22820642,0,0,0,0,9.929903744,0,0,0,0,9.37825476,0,0,0,0,11.34539652,0,0,0,0,8.436704791,0,0,0,0,7.568684513,0,0,0,0,6.841109486,0,0,0,0,6.190756694,0,0,0,0,7.798511942,0,0,0,0,8.901255581,0,0,0,0,11.90573211,0,0,0,0,14.6352214,0,0,0,0,14.2187047,0,0,0,0,15.32787228,0,0,0,0,15.39631013,0,0,0,0,14.86907768,0,0,0,0,13.63222942,0,0,0,0,13.28830409,0,0,0,0,12.23353331,0,0,0,0,11.29890909,0,0,0,0,11.78307526,0,0,0,0,10.11540537,0,0,0,0,9.749536476,1
2025-11-23,0,0,0,0,9.135613834,0,0,0,0,8.535705305,0,0,0,0,7.922785311,0,0,0,0,8.088649929,0,0,0,0,8.608615345,0,0,0,0,9.950341875,0,0,0,0,9.44898646,0,0,0,0,9.297013905,0,0,0,0,9.568423163,0,0,0,0,10.11540537,0,0,0,0,11.14187336,0,0,0,0,12.57402055,0,0,0,0,13.47889636,0,0,0,0,14.04236482,0,0,0,0,14.66699603,0,0,0,0,14.38800226,0,0,0,0,14.92164735,0,0,0,0,14.34793231,0,0,0,0,13.8708943,0,0,0,0,13.66815127,0,0,0,0,13.73682936,0,0,0,0,13.45299461,0,0,0,0,13.37026686,0,0,0,0,14.17162456,1
2025-11-24,0,0,0,0,14.33276865,0,0,0,0,14.67486758,0,0,0,0,13.99708487,0,0,0,0,14.03396682,0,0,0,0,12.97632484,0,0,0,0,12.87233175,0,0,0,0,12.50825956,0,0,0,0,12.84351435,0,0,0,0,11.4238399,0,0,0,0,12.23244353,0,0,0,0,13.554497,0,0,0,0,14.92452988,0,0,0,0,15.58894694,0,0,0,0,16.75179366,0,0,0,0,17.44958461,0,0,0,0,17.50862164,0,0,0,0,17.17229916,0,0,0,0,15.58252358,0,0,0,0,14.2187047,0,0,0,0,13.59074551,0,0,0,0,12.89115023,0,0,0,0,12.21748678,0,0,0,0,12.16488255,0,0,0,0,11.9167512,0
2025-11-25,0,0,0,0,12.1164004,0,0,0,0,12.77594296,0,0,0,0,12.59034613,0,0,0,0,12.86827519,0,0,0,0,9.762359086,0,0,0,0,9.568423163,0,0,0,0,9.883113203,0,0,0,0,10.0752533,0,0,0,0,10.23331533,0,0,1,0,9.960525426,0,0,0,0,9.038930477,0,0,0,0,8.029258551,0,0,1,0,8.488727713,0,0,0,0,8.338155046,0,0,0,0,7.626857421,0,0,0,0,7.274380087,0,0,0,0,7.114946673,0,0,0,0,6.14004059,0,0,0,0,6.295896865,0,0,0,0,6.239589294,0,0,0,0,6.398350831,0,0,0,0,5.921140385,0,0,0,0,5.744781926,0,0,0,0,5.533170032,0
2025-11-26,0,0,0,0,6.142958418,0,0,0,0,5.977161461,0,0,0,0,6.036870066,0,0,0,0,6.768067008,0,0,0,0,6.419717745,0,0,0,0,6.524175287,0,0,0,0,7.239625682,0,0,0,0,6.653799218,0,0,0,0,5.866716929,0,0,0,0,4.993813946,0,0,0,0,8.7742,0,0,0,0,9.005992655,0,0,0,0,10.88985182,0,0,0,0,11.29460693,0,0,0,0,10.59866922,0,0,0,0,10.54464205,0,0,0,0,10.16826919,0,0,0,0,9.825563364,0,0,0,0,9.031156292,0,0,0,0,9.254442006,0,0,0,0,8.374161258,0,0,0,0,10.27042335,0,0,0,0,7.470477107,0,0,0,0,5.914297367,0
2025-11-27,0,0,0,0,5.376305177,0,0,0,0,4.848072568,0,0,0,0,4.849738489,0,0,0,0,3.832356501,0,0,0,0,5.270991839,0,0,0,0,4.832132999,0,0,0,0,4.926553225,0,0,0,0,5.415776971,0,0,0,0,5.304582489,0,0,1,0,5.96545874,0,0,0,0,7.256705264,0,0,0,0,6.293123517,0,0,1,0,7.890076285,0,0,0,0,9.092395251,0,0,0,0,7.177967943,0,0,1,0,6.512460154,0,0,0,0,6.384446039,0,0,0,0,6.084805107,0,0,0,0,5.31323144,0,0,0,0,5.1144253,0,0,0,0,4.173858053,0,0,0,0,3.90319571,0,0,0,0,3.120300003,0,0,0,0,2.215801249,0
2025-11-28,0,0,0,0,1.991510862,0,0,0,0,1.669763113,0,0,0,0,1.467546106,0,0,0,0,0.711121443,0,0,0,0,0.626364093,0,1,0,0,3.267960655,0,1,0,0,0.692619667,0,1,0,0,-0.291864746,0,1,0,0,-0.967410415,0,1,0,0,-0.0035050612,0,0,0,0,1.656832653,0,0,0,0,4.749615616,0,0,0,0,6.388519158,0,0,0,0,7.122822647,0,0,0,0,7.260445045,0,0,0,0,7.291893814,0,0,0,0,6.792346294,0,0,0,0,6.736739848,0,0,0,0,6.885924715,0,0,0,0,5.567915103,0,0,0,0,3.270038425,0,0,0,0,2.638158399,0,0,0,0,1.497065739,0,0,0,0,1.791611586,0
2025-11-29,0,0,0,0,1.185416693,0,0,0,0,0.620791647,0,0,0,0,0.864023161,0,0,0,0,1.374398348,0,0,0,0,1.064471103,0,0,0,0,1.386482132,0,0,0,0,0.149401239,0,0,0,0,0.363691331,0,0,0,0,0.334727552,0,0,0,0,2.532845062,0,0,0,0,4.422506984,0,0,0,0,5.642333996,0,0,0,0,7.410882737,0,0,0,0,8.047421645,0,0,0,0,9.464035391,0,0,0,0,10.07730443,0,0,0,0,9.459605071,0,0,0,0,8.975081104,0,0,0,0,9.434517365,0,0,0,0,9.139853393,0,0,0,0,10.07573171,0,0,0,0,10.16851159,0,0,0,0,10.47403555,0,0,0,0,10.78453516,1
2025-11-30,0,0,1,0,10.35411282,0,0,0,0,12.86874137,0,0,0,0,12.55421988,0,0,0,0,13.32233873,0,0,0,0,12.25605924,0,0,0,0,12.63548534,0,0,0,0,12.29012592,0,0,0,0,13.6068966,0,0,0,0,12.08930722,0,0,0,0,11.43367976,0,0,0,0,13.87425436,0,0,0,0,14.9598189,0,0,0,0,15.01929297,0,0,0,0,16.70231351,0,0,0,0,16.85329752,0,0,0,0,16.90003303,0,0,0,0,16.66789437,0,0,0,0,16.03210047,0,0,0,0,15.32247774,0,0,0,0,14.63002661,0,0,0,0,14.1571232,0,0,0,0,13.41890669,0,0,0,0,13.351868,0,0,0,0,13.77338746,1
2025-12-01,0,0,0,0,12.99968839,0,0,0,0,11.98402074,0,0,0,0,9.085748227,0,0,0,0,8.156051139,0,0,0,0,7.006112587,0,0,0,0,6.190756694,0,0,0,0,5.212971286,0,0,0,0,4.422506984,0,0,0,0,3.485080914,0,0,0,0,3.120300003,0,0,0,0,4.550694355,0,0,0,0,6.247842601,0,0,0,0,6.678373677,0,0,0,0,8.916457599,0,0,0,0,9.069912986,0,0,0,0,9.144499794,0,0,0,0,9.079261805,0,0,0,0,7.060801746,0,0,0,0,6.138941862,0,0,0,0,5.738966991,0,0,0,0,5.042139086,0,0,0,0,4.781924179,0,0,0,0,2.890605142,0,0,0,0,2.064239419,0
2025-12-02,0,0,0,0,1.54712399,0,0,0,0,2.493118644,0,0,0,0,2.899515534,0,0,0,0,4.033105681,0,0,0,0,3.390449031,0,0,0,0,1.269305233,0,0,0,0,0.664310464,0,0,0,0,0.303575371,0,0,0,0,0.558978382,0,0,0,0,0.402463719,0,0,0,0,0.457871233,0,0,0,0,1.601761953,0,0,0,0,1.389723751,0,0,0,0,1.875714684,0,0,0,0,1.658533709,0,0,0,0,3.175838467,0,0,0,0,0.883455123,0,0,0,0,-0.682336292,0,1,0,0,-1.501167439,0,1,0,0,-1.375161879,0,1,0,0,-3.764574613,0,1,0,0,-5.956645574,0,1,0,0,-5.521671358,0,1,0,0,-6.786462983,0
2025-12-03,0,1,0,0,-6.256538091,0,1,0,0,-5.070611862,0,1,0,0,-8.107982569,0,1,0,0,-6.411362049,0,1,0,0,-7.893997552,0,1,0,0,-8.041792504,0,1,0,0,-6.706942544,0,1,0,0,-7.43635069,0,1,0,0,-8.138373,0,1,0,0,-7.364749726,0,1,0,0,-7.152931689,0,1,0,0,-6.181133251,0,1,0,0,-5.762663204,0,1,0,0,-4.739729563,0,1,0,0,-4.470971336,0,1,0,0,-5.71460668,0,1,0,0,-5.600680819,0,1,0,0,-5.449912226,0,1,0,0,-6.574746891,0,1,0,0,-7.325711492,0,1,0,0,-7.415416275,0,1,0,0,-7.56650566,0,1,0,0,-8.435510015,0,1,0,0,-9.179092488,0
2025-12-04,0,1,0,0,-7.120942016,0,1,0,0,-7.648248717,0,1,0,0,-5.55091879,0,1,0,0,-8.419742048,0,1,0,0,-9.229552158,0,1,0,0,-8.630368724,0,1,0,0,-6.03910751,0,1,0,0,-8.654236457,0,1,0,0,-8.622168287,0,1,0,0,-8.099589562,0,1,0,0,-5.028191605,0,1,0,0,-0.614380039,0,1,0,0,-0.751088376,0,0,0,0,0.957673487,0,0,0,0,2.971255681,0,0,0,0,3.376353392,0,0,0,0,3.159094403,0,0,0,0,2.007849436,0,0,0,0,1.456210102,0,0,0,1,3.33411592,0,0,0,1,2.3608,0,1,1,1,-1.655233344,0,1,0,1,-3.138619295,0,1,0,1,-4.719780337,0
2025-12-05,0,1,0,1,-4.976291227,0,1,0,1,-5.631581673,0,1,0,1,-4.890230232,0,1,0,1,-6.087411562,0,1,0,1,-6.183042103,0,1,0,1,-6.102015276,0,1,0,1,-6.1366303,0,1,0,1,-3.254244853,0,1,0,1,-6.010729739,0,1,0,1,-4.867959256,0,1,0,1,-3.511081651,0,1,0,1,-2.27238031,0,1,0,1,-0.222342726,0,0,0,1,0.542629628,0,0,0,1,0.80280567,0,0,0,1,2.119652201,0,0,0,1,2.642042789,0,0,0,1,2.340198607,0,0,0,1,1.75,0,1,0,1,1.130967757,0,1,0,1,-0.942495079,0,1,0,1,-0.1842,0,1,0,1,-1.861774208,0,1,0,1,-1.819064541,0
2025-12-06,0,1,0,1,-1.495402955,0,1,0,1,-1.729232839,0,1,0,1,-0.534006034,0,1,0,1,-0.821688214,0,1,0,1,-0.430695527,0,1,0,1,-0.314419792,0,1,0,1,-0.43515824,0,1,0,1,-0.801727881,0,1,0,1,-0.742944503,0,1,0,1,-0.236529072,0,0,0,1,1.467546106,0,0,0,1,2.899515534,0,0,0,1,2.797261848,0,0,0,1,3.52069876,0,0,0,1,4.135353519,0,0,0,1,4.277123422,0,0,0,1,5.696809017,0,0,0,1,4.396530044,0,0,1,1,5.060365164,0,0,0,1,4.744425151,0,0,0,1,4.852854617,0,0,0,1,5.682141543,0,0,0,1,6.589860054,0,0,0,1,4.849738489,1
2025-12-07,0,0,0,1,5.884415934,0,0,0,1,6.39010191,0,0,0,1,6.534751891,0,0,0,1,6.058318296,0,0,0,1,6.593337721,0,0,0,1,6.895787886,0,0,0,1,7.726033952,0,0,0,1,5.884415934,0,0,0,1,4.323171801,0,0,0,1,4.533798476,0,0,0,1,6.944726014,0,0,0,0,9.870434734,0,0,0,0,12.32524855,0,0,0,0,13.53123253,0,0,0,0,13.83764369,0,0,0,0,13.15227533,0,0,0,0,13.10858913,0,0,0,0,12.53589995,0,0,0,0,12.48617666,0,0,0,0,11.80178027,0,0,0,0,11.84137004,0,0,0,0,10.66387634,0,0,0,0,9.316221252,0,0,0,0,8.537402414,1
2025-12-08,0,0,0,0,7.865730481,0,0,0,0,6.938340009,0,0,0,0,8.020727635,0,0,0,0,5.188163247,0,0,0,0,4.914540701,0,0,0,0,4.399672282,0,0,0,0,4.771110235,0,0,0,0,2.750138971,0,0,0,0,2.345873612,0,0,0,0,1.498315759,0,0,0,0,2.15725931,0,0,0,0,3.989108281,0,0,0,0,4.817133553,0,0,0,0,7.09775359,0,0,0,0,6.937159715,0,0,0,0,7.907015706,0,0,0,0,6.354852804,0,0,0,0,4.643706239,0,0,0,0,4.027591742,0,0,0,0,3.503507856,0,0,0,0,2.960307846,0,0,0,0,2.532845062,0,0,0,0,2.108741261,0,0,0,0,1.467546106,0
2025-12-09,0,0,0,0,1.474481911,0,0,0,0,1.092383109,0,1,0,0,1.0374,0,1,0,0,-0.967410415,0,1,0,0,-1.498671692,0,1,0,0,-0.646769055,0,1,0,0,-1.168265385,0,1,0,0,-2.032659774,0,1,0,0,-2.34223201,0,1,0,0,0.256722774,0,0,0,0,3.884803863,0,0,0,0,5.166227243,0,0,0,0,5.684926151,0,0,0,0,7.694830162,0,0,0,0,9.113123833,0,0,0,0,8.480597062,0,0,0,0,8.383428731,0,0,0,0,7.685923324,0,0,0,0,7.122822647,0,0,0,0,7.10538413,0,0,0,0,6.693513496,0,0,0,0,6.364719971,0,0,0,0,7.062065589,0,0,0,0,6.682655095,0
2025-12-10,0,0,0,0,4.4986,0,0,0,0,3.678856496,0,0,0,0,2.638158399,0,0,0,0,3.472909128,0,0,0,0,2.540345611,0,0,0,0,1.791611586,0,0,0,0,2.09054624,0,0,0,0,1.368772019,0,0,0,0,0.911706409,0,0,0,0,2.327416011,0,0,0,0,2.986911161,0,0,0,0,5.526066121,0,0,0,0,6.092090748,0,0,0,0,7.475968599,0,0,0,0,8.684599122,0,0,0,0,9.394685188,0,0,0,0,9.287887571,0,0,0,0,9.085594121,0,0,0,0,8.293777432,0,0,0,0,8.729249724,0,0,0,0,8.535705305,0,0,0,0,8.611037927,0,0,0,0,8.574979959,0,0,0,0,7.603748253,0
2025-12-11,0,0,0,0,6.996925082,0,0,0,0,6.7382,0,0,0,0,6.419717745,0,0,1,0,6.632746765,0,0,0,0,6.218811878,0,0,0,0,7.774118699,0,0,1,0,6.528753682,0,0,0,0,6.12571715,0,0,0,0,7.07698806,0,0,1,0,8.008297034,0,0,0,0,8.400629178,0,0,0,0,7.951186067,0,0,0,0,6.657293618,0,0,0,0,7.274380087,0,0,0,0,7.963912654,0,0,0,0,7.0259874,0,0,0,0,6.034518228,0,0,0,0,3.603402138,0,0,0,0,1.829285622,0,0,0,0,1.096864692,0,0,0,0,-0.342406568,0,1,0,0,-1.575376889,0,1,0,0,-1.702583657,0,1,0,0,-2.229963007,0
2025-12-12,0,1,0,0,-1.882334541,0,1,0,0,-1.324949405,0,1,0,0,-1.832428064,0,1,0,0,-1.778748743,0,1,0,0,-2.15294835,0,1,0,0,-3.207433555,0,1,0,0,-1.599736516,0,1,0,0,-1.778748743,0,1,0,0,-1.572801376,0,1,0,0,-1.062741388,0,0,0,0,2.216905049,0,0,0,0,3.919829965,0,0,0,0,4.832132999,0,0,0,0,7.442173952,0,0,0,0,7.239598553,0,0,0,0,7.761525257,0,0,0,0,7.399024992,0,0,0,0,6.938340009,0,0,0,0,5.469360205,0,0,0,0,5.60923351,0,0,0,0,4.747556011,0,0,0,0,4.82787673,0,0,0,0,4.332366427,0,0,0,0,4.114038498,0
2025-12-13,0,0,0,0,3.77240893,0,0,0,0,3.332078922,0,0,0,0,3.551415559,0,0,0,0,4.169062756,0,0,0,0,4.205807633,0,0,0,0,3.832356501,0,0,0,0,3.919500863,0,0,0,0,4.80238768,0,0,0,0,4.396530044,0,0,0,0,4.550694355,0,0,0,0,4.975986542,0,0,0,0,4.028130357,0,0,1,0,5.176843601,0,0,0,0,4.744425151,0,0,0,0,4.643939533,0,0,1,0,5.4148,0,0,0,0,3.273259304,0,0,0,0,2.346042501,0,0,1,0,1.872356206,0,0,0,0,1.280366388,0,0,0,1,-0.290059322,0,0,1,1,-0.552289901,0,0,0,1,-0.0997904246,0,1,0,1,-0.344878748,1
2025-12-14,0,1,0,1,-1.077455873,0,1,0,1,-0.540607784,0,1,0,1,0.551190105,0,1,0,1,1.484290156,0,1,0,1,-0.43515824,0,1,0,1,0.18517561,0,1,1,1,-1.211676154,0,1,0,1,-0.434519431,0,1,0,1,-0.837900696,0,1,0,1,-2.055261973,0,1,0,1,-0.730448459,0,1,0,1,-0.88409,0,0,0,1,0.0420293722,0,0,0,1,0.839119576,0,0,0,0,1.206284364,0,0,0,0,1.842319789,0,0,0,0,3.609958291,0,0,0,0,2.743000612,0,0,0,0,2.951437271,0,0,0,0,1.433092608,0,0,0,0,0.148167777,0,1,0,0,1.268055077,0,1,0,0,1.951513693,0,1,0,0,1.285088939,1
2025-12-15,0,1,0,0,0.642641293,0,1,0,0,1.381361039,0,1,0,0,-0.440090855,0,1,0,0,-0.677721274,0,1,0,0,-1.970211624,0,1,0,0,-2.780243089,0,1,0,0,-2.494695023,0,1,0,0,-3.421028788,0,1,0,0,-3.086728241,0,1,0,0,-2.025844717,0,0,0,0,0.84022256,0,0,0,0,2.559637734,0,0,0,0,3.273259304,0,0,0,0,4.639111814,0,0,0,0,4.39935202,0,0,0,0,5.122780529,0,0,0,0,5.87647275,0,0,0,0,4.639111814,0,0,0,0,3.4806651,0,0,0,0,1.638281484,0,0,0,0,1.095134012,0,0,0,0,1.225785545,0,0,0,0,1.312393001,0,0,0,0,2.226102636,0
2025-12-16,0,0,0,0,2.651904376,0,0,0,0,2.864805246,0,0,0,0,2.518926867,0,0,0,0,2.4400921,0,0,0,0,3.164725087,0,0,0,0,3.375351763,0,0,0,0,2.842212197,0,0,0,0,3.702926313,0,0,0,0,3.339010227,0,0,0,0,3.332078922,0,0,0,0,3.77240893,0,0,0,0,3.810871369,0,0,1,0,3.997449958,0,0,0,0,4.06100209,0,0,0,0,4.314157308,0,0,1,0,4.720745553,0,0,0,0,4.82787673,0,0,0,0,5.188163247,0,0,1,0,5.100264381,0,0,0,0,5.188163247,0,0,0,0,5.122780529,0,0,0,0,5.687246007,0,0,0,0,5.597167691,0,0,0,0,5.549970995,0
2025-12-17,0,0,0,0,6.996925082,0,0,0,0,6.541040566,0,0,0,0,6.419717745,0,0,0,0,5.902871865,0,0,0,0,6.388519158,0,0,0,0,5.206714816,0,0,0,0,5.174328124,0,0,0,0,3.952941424,0,0,0,0,4.112545126,0,0,0,0,3.822859161,0,0,0,0,3.568218678,0,0,0,0,4.832132999,0,0,0,0,5.524874573,0,0,0,0,6.238732414,0,0,0,0,6.339311009,0,0,0,0,7.253526203,0,0,0,0,7.543373771,0,0,0,0,6.25394693,0,0,0,0,4.935007908,0,0,0,0,4.952969248,0,0,0,0,4.323589169,0,0,0,0,3.796605113,0,0,0,0,4.571909019,0,0,0,0,2.323777731,0
2025-12-18,0,0,0,0,2.804194301,0,0,0,0,1.368772019,0,0,0,0,0.773882856,0,1,0,0,0.321264972,0,1,0,0,0.0205488792,0,1,0,0,0.346371542,0,1,0,0,1.758195183,0,1,0,0,0.886686506,0,1,0,0,-1.712266925,0,1,0,0,-1.160257406,0,0,0,0,1.347309363,0,0,0,0,4.751488557,0,0,0,0,6.008185203,0,0,0,0,8.1634,0,0,0,0,9.431697343,0,0,0,0,8.539794662,0,0,0,0,8.613128737,0,0,0,0,7.045137625,0,0,0,0,6.84,0,0,0,0,5.429409119,0,0,0,0,3.799105769,0,0,0,0,2.848710504,0,0,0,0,1.848405223,0,0,0,0,3.229044789,0
2025-12-19,0,0,0,0,2.108741261,0,0,0,0,1.374499155,0,0,0,0,0.971154338,0,0,0,0,1.05514785,0,0,0,0,0.966895413,0,1,0,0,0.232618654,0,1,0,0,-0.42155097,0,1,0,0,-0.00935649998,0,0,0,0,1.161598285,0,0,0,0,1.605415415,0,0,0,0,2.11034728,0,0,0,0,4.268399597,0,0,0,0,6.114154744,0,0,0,0,8.476902171,0,0,0,0,9.501482804,0,0,0,0,10.12222745,0,0,0,0,11.24677004,0,0,0,0,9.406592068,0,0,0,0,8.402991665,0,0,0,0,7.903825279,0,0,0,0,7.069756197,0,0,0,0,8.080876562,0,0,0,0,8.827540683,0,0,0,0,9.153569762,0
2025-12-20,0,0,0,0,8.921537531,0,0,0,0,9.4868,0,0,0,0,8.74633198,0,0,0,0,9.062271993,0,0,0,0,9.5886,0,0,0,0,9.344528918,0,0,0,0,9.972844015,0,0,0,0,9.508433688,0,0,0,0,9.568423163,0,0,1,0,9.643874048,0,0,0,0,10.01009203,0,0,0,0,11.97586141,0,0,1,0,11.74705238,0,0,0,0,11.74423275,0,0,0,0,10.82167362,0,0,0,0,10.00889256,0,0,0,0,9.584966269,0,0,0,0,8.87657999,0,0,1,0,8.15310517,0,0,0,0,6.785095848,0,0,0,0,6.034518228,0,0,0,0,4.444725444,0,0,0,0,2.211346261,0,0,0,0,1.21731063,1
2025-12-21,0,0,0,0,0.271935071,0,0,0,0,-0.378073554,0,1,0,0,-1.279529625,0,1,0,0,-1.454989679,0,1,0,0,-1.965056263,0,1,0,0,-2.295145153,0,1,0,0,-2.773913467,0,1,0,0,-2.899819443,0,1,0,0,-2.772040957,0,1,0,0,-4.050002296,0,1,0,0,-3.206690697,0,1,0,0,-0.635813325,0,0,0,0,0.0405004999,0,0,0,0,0.127718529,0,0,0,0,1.07294758,0,0,0,0,1.559617071,0,0,0,0,1.229178946,0,0,0,0,0.579214885,0,1,0,0,-0.314419792,0,1,0,0,-0.310615053,0,1,0,0,-1.28676172,0,1,0,0,-2.4985376,0,1,0,0,-2.114829535,0,1,0,0,-1.894686053,1
2025-12-22,0,1,0,0,-2.256448218,0,1,0,0,-3.705302788,0,1,0,0,-5.077834215,0,1,0,0,-3.808946239,0,1,0,0,-3.116794444,0,1,0,0,-3.4418,0,1,0,0,-3.749999723,0,1,0,0,-5.651229556,0,1,0,0,-5.885241025,0,1,0,0,-3.662568466,0,1,0,0,-2.40564043,0,0,0,0,0.423685405,0,0,0,0,2.042466114,0,0,0,0,3.435171422,0,0,0,0,4.857198449,0,0,0,0,5.897430036,0,0,0,0,5.738966991,0,0,0,0,4.32864899,0,0,0,0,2.545453941,0,0,0,0,1.581159265,0,0,0,0,1.163771673,0,0,0,0,1.176688772,0,0,0,0,0.838540798,0,1,0,0,0.202010683,0
2025-12-23,0,0,0,0,0.966895413,0,0,0,0,0.84224698,0,0,0,0,0.0405004999,0,0,0,0,0.0885199548,0,0,0,0,0.738618009,0,0,0,0,0.440346657,0,0,0,0,1.388716064,0,0,0,0,1.425123709,0,0,0,0,1.842319789,0,0,0,0,2.764274098,0,0,0,0,3.555709578,0,0,0,0,3.880420514,0,0,0,0,4.051195846,0,0,0,0,4.53085666,0,0,0,0,4.771110235,0,0,1,0,2.104355039,0,0,0,0,2.724576426,0,0,0,0,2.724576426,0,0,1,0,2.724576426,0,0,0,0,3.796605113,0,0,0,0,3.809014665,0,0,1,0,4.011519314,0,0,0,0,4.656878185,0,0,0,0,5.26201706,0
2025-12-24,0,0,1,0,4.339456427,0,0,0,0,7.57923183,0,0,0,0,5.479867153,0,0,0,0,5.159607779,0,0,0,0,4.112545126,0,0,0,0,3.80009953,0,0,0,0,4.296698598,0,0,0,0,2.212710929,0,0,0,0,1.880910829,0,0,0,0,2.235395739,0,0,0,0,2.688912172,0,0,0,0,4.127279722,0,0,0,0,4.925487418,0,0,0,0,4.919966859,0,0,0,0,5.140718543,0,0,0,0,5.802973594,0,0,0,0,6.113450861,0,0,0,0,4.223202463,0,0,0,0,2.544444457,0,0,0,0,2.578122002,0,0,0,0,2.554788695,0,0,0,0,0.794738438,0,0,0,0,-0.106751705,0,1,0,0,-0.5615781,0
2025-12-25,0,1,0,0,-1.017849213,0,1,0,0,-1.833624159,0,1,0,0,-1.178278842,0,1,0,0,-1.882334541,0,1,0,0,-2.682017965,0,1,0,0,-3.248020178,0,1,0,0,-3.577025133,0,1,0,0,-4.294762539,0,1,0,0,-3.611305197,0,1,0,0,-3.30020908,0,1,0,0,-3.245063029,0,1,0,0,-2.819703478,0,1,0,0,-1.350477463,0,1,0,0,-2.317752583,0,1,0,0,-1.575376889,0,1,0,0,-2.478398567,0,1,0,0,-3.208237735,0,1,0,0,-4.833761145,0,1,0,0,-6.634863414,0,1,0,0,-7.545785825,0,1,0,0,-8.90702701,0,1,0,0,-8.888759779,0,1,0,0,-9.923420796,0,1,0,0,-10.48359183,1
2025-12-26,0,1,0,0,-10.17336157,0,1,0,0,-12.12613859,0,1,0,0,-12.83131418,0,1,0,0,-12.61224178,0,1,0,0,-10.36194601,0,1,0,0,-13.19410302,0,1,0,0,-11.71890435,0,1,0,0,-13.22783715,0,1,0,0,-11.51580949,0,1,0,0,-12.59198518,0,1,0,0,-11.80214901,0,1,0,0,-9.876444908,0,1,0,0,-8.750905824,0,1,0,0,-7.062558644,0,1,0,0,-5.239921062,0,1,0,0,-4.553599689,0,1,0,0,-4.278273362,0,1,0,0,-6.42840141,0,1,0,0,-7.196079638,0,1,0,0,-7.457341696,0,1,0,0,-6.945350131,0,1,0,0,-7.499939375,0,1,0,0,-5.847498716,0,1,0,0,-7.09434021,0
2025-12-27,0,1,0,0,-6.084785169,0,1,0,0,-5.154038179,0,1,0,0,-6.734728647,0,1,0,0,-6.956552801,0,1,0,0,-6.855225954,0,1,0,0,-7.285367842,0,1,0,0,-6.715733907,0,1,0,0,-7.279257995,0,1,0,0,-6.834819069,0,1,0,0,-5.98863985,0,1,0,0,-3.635486297,0,1,0,0,-1.550624904,0,1,0,0,-0.534006034,0,1,0,0,-0.115806935,0,1,0,0,0.417382992,0,0,0,0,1.281585452,0,0,0,0,0.94462915,0,0,0,0,2.450009597,0,1,0,0,-0.534308402,0,1,0,0,-0.872689412,0,1,0,0,-1.200948429,0,1,0,0,-1.048506886,0,1,0,0,-0.5615781,0,1,0,0,-0.344878748,1
2025-12-28,0,0,0,0,0.520275741,0,0,0,0,0.734512668,0,0,0,0,0.542629628,0,0,0,0,0.196869631,0,0,0,0,0.756891983,0,0,0,0,0.495000111,0,0,0,0,0.756891983,0,0,0,0,0.413568982,0,0,0,0,0.521918658,0,0,0,0,1.118023769,0,0,0,0,2.147163794,0,0,0,0,3.702926313,0,0,0,0,4.212354432,0,0,0,0,5.294251599,0,0,0,0,6.421522766,0,0,0,0,6.511149543,0,0,0,0,6.67340018,0,0,0,0,6.442846826,0,0,0,0,5.718605009,0,0,0,0,5.100264381,0,0,0,0,5.944277538,0,0,1,0,5.479599868,0,0,0,0,5.372555968,0,0,0,0,6.020007259,1
2025-12-29,0,0,1,0,7.098062277,0,0,0,0,6.4328,0,0,0,0,5.978882032,0,0,0,0,5.978882032,0,0,0,0,5.162762608,0,0,0,0,4.957312159,0,0,1,0,4.849738489,0,0,0,0,6.10634512,0,0,0,0,7.269658406,0,0,0,0,6.106832727,0,0,0,0,7.822249101,0,0,0,0,9.043939763,0,0,0,0,9.247914059,0,0,0,0,9.962139105,0,0,0,0,9.095375627,0,0,0,0,8.936096689,0,0,0,0,8.081478773,0,0,0,0,7.758278245,0,0,0,0,6.67340018,0,0,0,0,5.331684289,0,0,0,0,3.65051136,0,0,0,0,2.654118227,0,0,0,0,0.711116482,0,0,0,0,0.94462915,0
2025-12-30,0,1,0,0,-0.0673557761,0,1,0,0,-0.693667215,0,1,0,0,-0.474480019,0,1,0,0,-1.495402955,0,1,0,0,-1.221449537,0,1,0,0,-2.753913762,0,1,0,0,-3.309302141,0,1,0,0,-2.250258231,0,1,0,0,-3.935487195,0,1,0,0,-3.30020908,0,1,0,0,-0.821688214,0,0,0,0,0.196869631,0,0,0,0,0.936848512,0,0,0,0,2.367415073,0,0,0,0,2.113719807,0,0,0,0,3.161243577,0,0,0,0,1.940931928,0,0,0,0,1.638281484,0,0,0,0,1.157352235,0,1,0,0,0.531891647,0,1,0,0,-0.217100294,0,1,0,0,-0.408091749,0,1,0,0,0.0228252937,0,1,0,0,-1.211676154,0
2025-12-31,0,1,0,0,-1.82233204,0,1,0,0,-1.919712795,0,1,0,0,-2.564174521,0,1,0,0,-3.731256187,0,1,0,0,-4.492535717,0,1,0,0,-4.83908857,0,1,0,0,-6.312821848,0,1,0,0,-7.662879122,0,1,0,0,-7.921114012,0,1,0,0,-8.11232548,0,1,0,0,-7.707026223,0,1,0,0,-6.591190015,0,1,0,0,-5.861091493,0,1,0,0,-4.976291227,0,1,0,0,-4.604096831,0,1,0,0,-3.636602952,0,1,0,0,-4.829825608,0,1,0,0,-5.675491762,0,1,0,0,-6.117617335,0,1,0,0,-7.115403202,0,1,0,0,-7.741292057,0,1,0,0,-7.706471044,0,1,0,0,-7.302326376,0,1,0,0,-9.858948906,0
2026-01-01,0,1,0,0,-10.07727683,0,1,0,0,-9.345941034,0,1,0,0,-9.262248749,0,1,0,0,-10.29369753,0,1,0,0,-10.27761931,0,1,0,0,-10.38475048,0,1,0,0,-11.07136935,0,1,0,0,-11.05905701,0,1,0,0,-10.31538213,0,1,0,0,-11.47314405,0,1,0,0,-8.159115737,0,1,0,0,-9.179092488,0,1,0,0,-7.042112782,0,1,0,0,-5.740905367,0,1,0,0,-5.338879494,0,1,0,0,-2.489639298,0,1,0,0,-4.261288099,0,1,0,0,-5.407180099,0,1,0,0,-6.911967564,0,1,0,0,-7.660650411,0,1,0,0,-8.15030185,0,1,0,0,-9.258490919,0,1,0,0,-9.116038448,0,1,0,0,-9.338520496,1
2026-01-02,0,1,0,0,-9.376994782,0,1,0,0,-10.52287115,0,1,0,0,-11.60352876,0,1,0,0,-11.37697796,0,1,0,0,-12.44497432,0,1,0,0,-12.49709348,0,1,0,0,-10.99928532,0,1,0,0,-12.26528296,0,1,0,0,-12.26334308,0,1,0,0,-11.49010412,0,1,0,0,-9.96811287,0,1,0,0,-6.928634777,0,1,0,0,-5.780703586,0,1,0,0,-6.538069728,0,1,0,0,-5.971691526,0,1,0,0,-5.35889598,0,1,0,0,-5.712285899,0,1,0,0,-5.929046198,0,1,0,0,-5.738937052,0,1,0,0,-6.635159268,0,1,0,0,-7.501489174,0,1,0,0,-8.766637541,0,1,0,0,-8.144652795,0,1,0,0,-7.406319459,0
2026-01-03,0,1,0,0,-6.687241271,0,1,0,0,-7.641552425,0,1,0,0,-7.6156,0,1,0,0,-7.390106722,0,1,0,0,-8.153598834,0,1,0,0,-7.390106722,0,1,0,0,-4.577360269,0,1,0,0,-8.369064504,0,1,0,0,-10.27761931,0,1,0,0,-9.270544347,0,1,0,0,-6.943448563,0,1,0,0,-4.147611765,0,1,0,0,-0.749011906,0,1,0,0,-0.606554786,0,1,0,0,-0.43515824,0,1,0,0,0.205963209,0,0,0,0,0.221236095,0,1,0,0,-0.328707805,0,1,0,0,0.687485289,0,1,0,0,1.08344364,0,1,0,0,-2.100941793,0,1,0,0,-2.344109775,0,1,0,0,-1.802524736,0,1,0,0,-0.440090855,1
2026-01-04,0,1,0,0,-1.802524736,0,1,0,0,-1.221449537,0,1,0,0,-0.646038222,0,1,0,0,-1.168265385,0,1,0,0,-1.445728225,0,1,0,0,-0.882539838,0,1,0,0,-1.374720637,0,1,0,0,0.372502166,0,1,0,0,-2.013944519,0,1,0,0,-0.677721274,0,1,0,0,-0.207288615,0,0,0,0,1.526048513,0,0,0,0,1.674011579,0,0,0,0,3.003073967,0,0,0,0,4.441530391,0,0,0,0,4.571277829,0,0,0,0,4.004874534,0,0,0,0,2.98039543,0,0,0,0,2.119652201,0,0,0,0,2.496966456,0,0,0,0,1.301298193,0,0,0,0,0.255929554,0,0,0,0,0.522895675,0,1,0,0,1.207488086,1
2026-01-05,0,1,0,0,0.465637858,0,1,0,0,-0.291864746,0,1,0,0,0.441822593,0,1,0,0,-0.85198559,0,1,0,0,-1.894686053,0,1,0,0,-0.9104447,0,1,0,0,-1.404127489,0,1,0,0,-2.00173114,0,1,0,0,-1.450133539,0,1,0,0,-3.87992609,0,1,0,0,-2.919015223,0,1,0,0,-1.125831778,0,0,0,0,-0.177300977,0,0,0,0,-0.231373836,0,0,0,0,0.963037264,0,0,0,0,0.220181025,0,0,0,0,0.836060707,0,0,0,0,-0.441689867,0,1,0,0,-1.592207815,0,1,0,0,-1.492862745,0,1,0,0,-3.229257592,0,1,0,0,-4.321710415,0,1,0,0,-2.256448218,0,1,0,0,-3.019178423,0
2026-01-06,0,1,0,0,-5.002713271,0,1,0,0,-3.749999723,0,1,0,0,-3.723617616,0,1,0,0,-6.206634558,0,1,0,0,-6.1366303,0,1,0,0,-6.010729739,0,1,0,0,-5.279853991,0,1,0,0,-6.061182139,0,1,0,0,-7.035085212,0,1,0,0,-5.925210516,0,1,0,0,-2.389798344,0,1,0,0,1.017120275,0,0,0,0,3.1752,0,0,0,0,4.428485849,0,0,0,0,3.809014665,0,0,0,0,4.054804364,0,0,0,0,4.028130357,0,0,0,0,4.117229206,0,0,0,0,4.017194282,0,0,0,0,3.290606986,0,0,0,0,2.758354811,0,0,0,0,2.41116509,0,0,0,0,3.266961761,0,0,0,0,4.939166745,0
2026-01-07,0,0,0,0,3.418649991,0,0,0,0,3.254848857,0,0,0,0,2.394557175,0,0,0,0,3.878842891,0,0,0,0,1.71912836,0,0,0,0,2.297545976,0,0,0,0,2.363859647,0,0,0,0,2.685253179,0,0,0,0,1.740952986,0,0,0,0,-0.220489801,0,0,0,0,-0.00930837269,0,0,0,0,-0.124569156,0,0,0,0,1.106710597,0,0,0,0,0.58840316,0,0,0,0,0.927223383,0,0,0,0,1.650183471,0,0,0,0,1.712292286,0,0,0,0,-0.340930823,0,1,0,0,-1.326490133,0,1,0,0,-3.425436754,0,1,0,0,-4.596814831,0,1,0,0,-5.503159826,0,1,0,0,-4.968933476,0,1,0,0,-5.135990166,0
2026-01-08,0,1,0,0,-5.762362535,0,1,0,0,-5.98863985,0,1,0,0,-5.632848699,0,1,0,0,-6.820246033,0,1,0,0,-7.071871267,0,1,0,0,-7.675669624,0,1,0,0,-8.037705725,0,1,0,0,-8.134995754,0,1,0,0,-8.039408353,0,1,0,0,-8.841104413,0,1,0,0,-7.962492123,0,1,0,0,-7.010531398,0,1,0,0,-5.639891427,0,1,0,0,-5.184696587,0,1,0,0,-3.199947096,0,1,0,0,-1.171469213,0,1,0,0,-1.780815563,0,1,0,0,-3.103644414,0,1,0,0,-3.62349441,0,1,0,0,-4.168920035,0,1,0,0,-3.963248542,0,1,0,0,-2.771276613,0,1,0,0,-2.698935399,0,1,0,0,-0.772625337,0
2026-01-09,0,1,0,0,-4.533445315,0,1,0,0,-5.819500625,0,1,0,0,-6.853125178,0,1,0,0,-6.855225954,0,1,0,0,-7.473650464,0,1,0,0,-6.961185844,0,1,0,0,-7.020685839,0,1,0,0,-6.647738046,0,1,0,0,-6.183042103,0,1,0,0,-5.186734954,0,1,0,0,-2.403522587,0,1,0,0,0.0959223309,0,0,0,0,1.581159265,0,0,0,0,1.95585746,0,0,0,0,2.548152766,0,0,0,0,3.435171422,0,0,0,0,3.716408726,0,0,0,0,3.057735751,0,0,0,0,2.73445042,0,0,0,0,3.375351763,0,0,0,0,3.377259963,0,0,0,0,5.997730731,0,0,0,0,5.964336854,0,0,0,0,5.609541754,0
2026-01-10,0,0,0,0,5.294251599,0,0,0,0,5.286876799,0,0,0,0,5.229578146,0,0,1,0,4.919966859,0,0,0,0,6.084805107,0,0,0,0,6.736834015,0,0,0,0,6.968512355,0,0,0,0,6.657641932,0,0,0,0,4.726170289,0,0,0,0,4.484631072,0,0,0,0,4.909775906,0,0,0,0,4.432543195,0,0,0,0,2.773360328,0,0,0,0,2.720778212,0,0,0,0,2.884511763,0,0,0,0,0.871880763,0,0,0,0,-1.367369832,0,0,0,0,-1.771672146,0,1,0,0,-2.702780105,0,1,0,0,-3.642779726,0,1,0,0,-5.258726706,0,1,0,0,-5.356698728,0,1,0,0,-5.054270348,0,1,0,0,-6.407647055,1
2026-01-11,0,1,0,0,-6.45036036,0,1,0,0,-7.535871296,0,1,0,0,-8.036036476,0,1,0,0,-8.774338448,0,1,0,0,-8.928819725,0,1,0,0,-7.799731063,0,1,0,0,-9.454987099,0,1,0,0,-9.389446005,0,1,0,0,-8.789366216,0,1,0,0,-10.23798145,0,1,0,0,-8.24338064,0,1,0,0,-8.323986756,0,1,0,0,-7.317402048,0,1,0,0,-7.120240699,0,1,0,0,-6.346520885,0,1,0,0,-6.448990732,0,1,0,0,-6.232752582,0,1,0,0,-7.133476379,0,1,0,0,-6.964564683,0,1,0,0,-6.64082416,0,1,0,0,-7.595225529,0,1,0,0,-7.261295335,0,1,0,0,-8.582095834,0,1,0,0,-9.531457013,1
2026-01-12,0,1,0,0,-5.37489256,0,1,0,0,-7.7174,0,1,0,0,-9.578188762,0,1,0,0,-9.522772575,0,1,0,0,-10.84353345,0,1,0,0,-10.09494516,0,1,0,0,-10.63177188,0,1,0,0,-10.19616893,0,1,0,0,-9.554641828,0,1,0,0,-8.144652795,0,1,0,0,-7.328450083,0,1,0,0,-4.382207336,0,1,0,0,-2.872455204,0,1,0,0,-0.314419792,0,1,0,0,1.646734795,0,1,0,0,-1.529207446,0,1,0,1,-1.310368101,0,1,0,1,-0.537493144,0,1,1,1,-0.92944999,0,1,0,1,-0.742944503,0,1,0,1,-0.622996222,0,1,1,1,-0.00935649998,0,1,0,1,0.417382992,0,0,0,1,1.677692203,0
2026-01-13,0,0,1,1,2.006278374,0,0,0,1,2.042466114,0,0,0,1,1.565110841,0,0,0,1,0.633306318,0,1,0,1,0.103292555,0,1,0,1,-1.702583657,0,1,0,1,0.0194,0,1,0,1,-3.627312003,0,1,0,1,-4.020476338,0,1,0,1,-3.982926939,0,1,0,1,-3.870290896,0,1,0,1,-4.097642,0,1,0,1,-4.260670018,0,1,0,1,-4.476307999,0,1,0,1,-3.816259742,0,1,0,1,-2.720175414,0,1,0,1,-3.142865659,0,1,0,1,-3.653195992,0,1,0,1,-5.082030095,0,1,0,1,-5.687154997,0,1,0,1,-6.510864198,0,1,0,1,-8.063924394,0,1,0,1,-6.693732223,0,1,0,1,-6.574374794,0
2026-01-15,0,0,0,0,0.173805656,0,0,0,0,0.615309023,0,0,0,0,1.605415415,0,0,0,0,2.08787976,0,0,0,0,2.854219494,0,0,0,0,3.077706116,0,0,0,0,3.585978438,0,0,0,0,4.804,0,0,0,0,3.716408726,0,0,0,0,3.948006748,0,0,0,0,6.183700595,0,0,0,0,8.027067664,0,0,0,0,8.901255581,0,0,0,0,9.825563364,0,0,0,0,9.92867327,0,0,0,0,10.09467021,0,0,0,0,9.681400667,0,0,0,0,7.727795407,0,0,0,0,5.559187541,0,0,0,0,4.926553225,0,0,0,0,6.663521796,0,0,0,0,4.533798476,0,0,0,0,4.008899129,0,0,0,0,3.796605113,0
2026-01-16,0,0,0,0,5.828981485,0,0,0,0,2.435448931,0,0,0,0,2.855067026,0,0,0,0,13.7415,0,0,0,0,3.925278102,0,0,0,0,2.649119658,0,0,0,0,2.006278374,0,0,0,0,0.700039282,0,0,0,0,1.035303442,0,0,0,0,1.333547322,0,0,0,0,1.791728104,0,0,0,0,2.564400694,0,0,0,0,4.749615616,0,0,0,0,6.946006166,0,0,0,0,9.240071376,0,0,0,0,10.72228664,0,0,0,0,10.10343483,0,0,0,0,9.64877972,0,0,0,0,5.139629258,0,0,0,0,5.057865928,0,0,0,0,3.948006748,0,0,0,0,4.077958488,0,0,0,0,4.674462641,0,0,0,0,3.441747241,0
2026-01-17,0,0,0,0,4.471043205,0,0,0,0,3.11377789,0,0,0,0,2.170761933,0,0,0,0,0.633306318,0,1,0,0,-0.425678907,0,1,0,0,-1.529207446,0,1,0,0,-2.137514272,0,1,0,0,-2.809346905,0,1,0,0,-0.891776149,0,1,0,0,-3.357688496,0,1,0,0,-1.375161879,0,0,0,0,0.945932451,0,0,0,0,3.521059273,0,0,0,0,3.596544635,0,0,0,0,4.493244754,0,0,0,0,5.10520951,0,0,0,0,4.857067852,0,0,0,0,3.381021081,0,0,0,0,1.388716064,0,0,0,0,0.184135791,0,1,0,0,-0.5615781,0,1,0,0,-0.64805911,0,1,0,0,-0.393450593,0,1,0,0,0.471190386,1
2026-01-18,0,1,0,0,-0.984949119,0,1,0,0,-0.795,0,1,0,0,-1.304,0,1,0,0,-0.763089609,0,1,0,0,-2.087669795,0,1,0,0,-3.048761831,0,1,0,0,-3.179062533,0,1,0,0,-2.464216488,0,1,0,0,0.986287114,0,1,0,0,-1.064338035,0,1,0,0,2.260100735,0,0,0,0,4.424085789,0,0,0,0,1.585025023,0,0,0,0,1.598459186,0,0,0,0,2.854219494,0,0,0,0,3.122310875,0,0,0,0,4.442742807,0,0,0,0,3.799105769,0,0,0,0,4.970311452,0,0,0,0,3.271550071,0,0,0,0,4.1932,0,0,0,0,3.271550071,0,0,0,0,5.109536747,0,0,0,0,2.848710504,1
2026-01-19,0,0,0,0,1.456210102,0,0,0,0,1.143364108,0,0,0,0,0.948697415,0,0,1,1,-0.0453032186,0,1,0,1,-1.419787774,0,1,0,1,-0.858872841,0,1,1,1,-1.861774208,0,1,0,1,-2.370673631,0,1,0,1,-3.163451042,0,1,0,1,-2.34223201,0,1,0,1,-4.045645684,0,1,0,1,-3.920830452,0,1,0,1,-4.044269021,0,1,0,1,-4.097642,0,1,0,1,-4.037603611,0,1,0,0,-3.366550147,0,1,0,0,-4.832720411,0,1,0,0,-6.24340898,0,1,0,0,-7.317402048,0,1,0,0,-9.018423945,0,1,0,0,-9.558637617,0,1,0,0,-9.216062282,0,1,0,0,-10.56345437,0,1,0,0,-9.756436346,0
2026-01-20,0,1,0,0,-9.248913538,0,1,0,0,-10.0885595,0,1,0,0,-12.31392966,0,1,0,0,-8.7354,0,1,0,0,-11.288196,0,1,0,0,-12.63789424,0,1,0,0,-11.56319344,0,1,0,0,-11.93180522,0,1,0,0,-13.13648887,0,1,0,0,-13.11816883,0,1,0,0,-11.17999884,0,1,0,0,-10.39220091,0,1,0,0,-7.933731838,0,1,0,0,-6.31753883,0,1,0,0,-5.840139385,0,1,0,0,-4.752299148,0,1,0,0,-4.972119779,0,1,0,0,-5.930313765,0,1,0,0,-7.52009199,0,1,0,0,-7.893997552,0,1,0,0,-7.155981997,0,1,0,0,-7.993139127,0,1,0,0,-8.654111995,0,1,0,0,-8.779377595,0
2026-01-21,0,1,0,0,-9.452029386,0,1,0,0,-11.06737484,0,1,0,0,-11.00365956,0,1,0,0,-11.92115122,0,1,0,0,-10.09937518,0,1,0,0,-11.99814984,0,1,0,0,-11.62070617,0,1,0,0,-12.16209413,0,1,0,0,-11.651437,0,1,0,0,-12.9186874,0,1,0,0,-12.58305812,0,1,0,0,-9.878823826,0,1,0,0,-9.565133141,0,1,0,0,-8.09438779,0,1,0,0,-8.744432779,0,1,0,0,-7.707026223,0,1,0,0,-6.559120702,0,1,0,0,-7.81784513,0,1,0,0,-9.151712145,0,1,0,0,-10.59266421,0,1,0,0,-10.9348515,0,1,0,0,-11.72289325,0,1,0,0,-13.3587257,0,1,0,0,-13.46960938,0
2026-01-22,0,1,0,0,-13.29204706,0,1,0,0,-12.58839211,0,1,0,0,-13.51279874,0,1,0,0,-12.76509898,0,1,0,0,-12.52859161,0,1,0,0,-14.48789408,0,1,0,0,-13.99693789,0,1,0,0,-14.7631936,0,1,0,0,-15.07243523,0,1,0,0,-14.10518369,0,1,0,0,-12.64922231,0,1,0,0,-10.39220091,0,1,0,0,-10.70560428,0,1,0,0,-8.669861446,0,1,0,0,-7.972051958,0,1,0,0,-6.488018247,0,1,0,0,-5.249476307,0,1,0,0,-5.731238647,0,1,0,0,-6.802357911,0,1,0,0,-7.305747956,0,1,0,0,-7.37796654,0,1,0,0,-7.035085212,0,1,0,0,-7.886688692,0,1,0,0,-7.44230135,0
2026-01-23,0,1,0,0,-7.846370989,0,1,0,0,-8.883932922,0,1,0,0,-7.210760439,0,1,0,0,-8.986906606,0,1,0,0,-8.881614574,0,1,0,0,-9.915438453,0,1,0,0,-9.604938849,0,1,0,0,-7.206361035,0,1,0,0,-11.61245392,0,1,0,0,-10.51291291,0,1,0,0,-4.281628117,0,1,0,0,-2.831,0,1,0,0,-2.436784087,0,1,0,0,-1.599993923,0,1,0,0,-0.64429076,0,1,0,0,-0.515543985,0,0,0,0,1.071792093,0,1,0,0,0.215951635,0,1,0,0,-0.334789806,0,1,0,0,-0.858872841,0,1,0,0,-0.858872841,0,1,1,1,-0.37049343,0,1,0,1,0.893172318,0,1,0,1,-0.286,0
2026-01-24,0,1,1,1,-1.379685168,0,1,0,1,-3.495907762,0,1,0,1,-4.968933476,0,1,0,1,-5.343385884,0,1,0,1,-6.420896913,0,1,0,1,-7.909253419,0,1,0,1,-8.794110849,0,1,0,1,-9.634366828,0,1,0,1,-9.446581162,0,1,0,1,-9.119345026,0,1,0,1,-7.825671172,0,1,0,1,-6.867074683,0,1,0,1,-5.577735325,0,1,0,1,-3.444323136,0,1,0,1,-3.57897297,0,1,0,1,-1.468258874,0,1,0,1,-2.515786472,0,1,0,1,-3.008720181,0,1,0,1,-3.846563325,0,1,0,1,-4.377826848,0,1,0,1,-4.491276745,0,1,0,1,-5.513437169,0,1,0,1,-6.44874486,0,1,0,1,-6.210512533,1
2026-01-25,0,1,0,1,-7.239013767,0,1,0,1,-5.038401154,0,1,0,1,-6.574374794,0,1,0,1,-7.529735658,0,1,0,1,-6.950847616,0,1,0,1,-7.327941752,0,1,0,1,-8.072880805,0,1,0,1,-7.641552425,0,1,0,1,-9.541531873,0,1,0,1,-10.25586108,0,1,0,1,-10.1512225,0,1,0,1,-6.31753883,0,1,0,1,-4.678865777,0,1,0,1,-4.828853347,0,1,0,1,-3.864675998,0,1,0,1,-3.873573584,0,1,0,0,-2.403522587,0,1,0,0,-2.20625513,0,1,0,0,-4.276372272,0,1,0,0,-5.028191605,0,1,0,0,-2.588144448,0,1,0,0,-6.204761182,0,1,0,0,-5.48844203,0,1,0,0,-4.978911103,1
2026-01-26,0,1,0,0,-6.524101972,0,1,0,0,-7.110148938,0,1,0,0,-7.47192201,0,1,0,0,-5.746361521,0,1,0,0,-6.61851188,0,1,0,0,-7.966792452,0,1,0,0,-7.754615747,0,1,0,0,-7.567337387,0,1,0,0,-7.920733399,0,1,0,0,-6.849421623,0,1,0,0,-2.686832668,0,1,0,0,-3.634624021,0,1,0,0,-2.854880535,0,1,0,0,-0.749011906,0,1,0,0,-1.450091877,0,1,0,0,0.110638297,0,1,0,0,0.321264972,0,1,0,0,-1.160257406,0,1,0,0,-1.205682813,0,1,0,0,-1.582706803,0,1,0,0,-2.777067811,0,1,0,0,-2.563630857,0,1,0,0,-3.416754378,0,1,0,0,-2.809385063,0
2026-01-27,0,1,0,0,-2.627508481,0,1,0,0,-3.192447303,0,1,0,0,-4.259669193,0,1,0,0,-5.028537929,0,1,0,0,-4.0526,0,1,0,0,-5.257944391,0,1,0,0,-6.411362049,0,1,0,0,-5.697357114,0,1,0,0,-4.779463617,0,1,0,0,-6.747773717,0,1,0,0,-6.510864198,0,1,0,0,-4.043547861,0,1,0,0,-3.090783132,0,1,0,0,-2.62340417,0,1,0,0,-0.886627127,0,1,0,0,-1.501167439,0,1,0,0,-1.577074244,0,1,0,0,-1.854910221,0,1,0,0,-3.396954805,0,1,0,0,-3.309302141,0,1,0,0,-4.054541517,0,1,0,0,-6.477003111,0,1,0,0,-8.282702357,0,1,0,0,-7.582551203,0
2026-01-28,0,1,0,0,-7.05066866,0,1,0,0,-7.1597627,0,1,0,0,-7.302326376,0,1,0,0,-6.903,0,1,0,0,-7.334324581,0,1,0,0,-7.465693841,0,1,0,0,-9.434079636,0,1,0,0,-9.202217163,0,1,0,0,-9.527701062,0,1,0,0,-8.654111995,0,1,0,0,-7.582551203,0,1,0,0,-7.41094011,0,1,0,0,-6.114257737,0,1,0,0,-4.382459017,0,1,0,0,-3.176662722,0,1,0,0,-2.055261973,0,1,0,0,-1.310368101,0,1,0,0,-1.965056263,0,1,0,0,-3.538490796,0,1,0,0,-3.378669669,0,1,0,0,-3.827426529,0,1,0,0,-5.047372458,0,1,0,0,-4.92121729,0,1,0,0,-5.024397508,0
2026-01-29,0,1,0,0,-5.079531382,0,1,0,0,-5.951113756,0,1,0,0,-6.348050084,0,1,0,0,-7.247986082,0,1,0,0,-7.90652868,0,1,0,0,-7.327941752,0,1,0,0,-8.039408353,0,1,0,0,-8.738292172,0,1,0,0,-7.1066,0,1,0,0,-6.945355322,0,1,0,0,-6.370897931,0,1,0,0,-4.619078629,0,1,0,0,-3.617246889,0,1,0,0,-3.356509238,0,1,0,0,-2.585378216,0,1,0,0,-2.19306047,0,1,0,0,-1.577074244,0,1,0,0,-2.359969952,0,1,0,0,-3.427890763,0,1,0,0,-3.719365863,0,1,0,0,-4.972119779,0,1,0,0,-7.057344198,0,1,0,0,-8.15030185,0,1,0,0,-7.088019326,0
2026-01-30,0,1,0,0,-5.683147769,0,1,0,0,-4.700141017,0,1,0,0,-8.134271041,0,1,0,0,-9.027675976,0,1,0,0,-9.869466714,0,1,0,0,-8.815499271,0,1,0,0,-8.052440829,0,1,0,0,-9.420569885,0,1,0,0,-10.19616893,0,1,0,0,-9.858948906,0,1,0,0,-7.813602221,0,1,0,0,-7.71987767,0,1,0,0,-6.370897931,0,1,0,0,-4.879488172,0,1,0,0,-2.83692129,0,1,0,0,-3.02709376,0,1,0,0,-3.543285676,0,1,0,0,-3.287123199,0,1,0,0,-4.787215453,0,1,0,0,-5.731238647,0,1,0,0,-3.824754811,0,1,0,0,-5.53669874,0,1,0,0,-4.7652,0,1,0,0,-7.279257995,0
2026-01-31,0,1,0,0,-8.003161516,0,1,0,0,-5.683147769,0,1,0,0,-7.893175361,0,1,0,0,-8.796059696,0,1,0,0,-5.648556534,0,1,0,0,-7.957169769,0,1,0,0,-7.162282255,0,1,0,0,-8.550243374,0,1,0,0,-6.882160954,0,1,0,0,-7.0048,0,1,0,0,-4.456064521,0,1,0,0,-3.071001867,0,1,0,0,-1.599993923,0,1,0,0,-0.0673557761,0,0,0,0,-0.231373836,0,0,0,0,0.725684865,0,0,0,0,0.919375919,0,0,0,0,-0.177307265,0,1,0,0,-1.375161879,0,1,0,0,-2.031914765,0,1,0,0,-0.891776149,0,1,0,0,-1.998679136,0,1,0,0,-1.679688442,0,1,0,0,-0.386090172,1
